plot_id,rsrv_S,historic_S,logRR_S,jaccard,diff.CM_L,diff.CM_T,diff.CM_M,diff.CM_R,diff.CM_N,country,rsrv_lon,historic_lon,rsrv_lat,historic_lat,dist_meters,rsrv_sampling_year,historic_sampling_year,diff_plot_size,timespan,rsrv_plot_size,historic_plot_size,rsrv_surveyor_name,historic_surveyor_name,EVA_dataset,EVA_country,elevation,gs_temp_change_decade,grassland_ai_1840,grassland_ai_1870,grassland_ai_2023,grassland_ca_1840,grassland_ca_1870,grassland_ca_2023,grassland_np_1840,grassland_np_1870,grassland_np_2023,pa_site,pa_site_restrict
50332,23,35,-0.1823,0.8846,-0.782,-0.1193,1.0584,-0.2981,2.3776,AT,16.149477,16.15055,48.297635,48.297617,79.49,2024,1990,0,34,20,20,V Kalusová,J Huspeka,Austria_VINCA,Austria,228.2,0.4084,96.7063151440834,94.28057442387022,92.905581637976,205.31,162.48,116.1,8,14,20,1,1
50374,42,63,-0.1761,0.8023,-0.6837,-0.3287,0.7971,-0.5127,1.4678,AT,16.18812,16.188572,48.3133223,48.313165,37.77,2024,1990,0,34,20,20,V Kalusová,J Huspeka,Austria_VINCA,Austria,212.1,0.4066999999999999,95.76717811874585,95.42442093988484,90.54587306806972,151.13,150.61,30.97,13,11,14,1,1
50384,30,39,-0.1139,0.6042,-0.125,0.0095,-0.0959,0.0318,-0.0095,AT,16.1904898,16.190213,48.3100621,48.309627,52.59,2024,1990,0,34,20,20,J Pleyer,J Huspeka,Austria_VINCA,Austria,295.6,0.4066999999999999,95.97212454446648,95.70070550826404,90.36237471087124,157.67,152.19,33,12,10,16,1,1
50390,52,43,0.0825,0.7568,-0.3314,0.0739,0.4185,-0.1528,0.7597,AT,16.1870774,16.187258,48.3127754,48.312741,13.91,2024,1990,0,34,20,20,J Pleyer,J Huspeka,Austria_VINCA,Austria,223.6,0.4066999999999999,95.91810414315654,95.38749016522424,90.34201954397392,156.33,153.76,31.26,12,11,15,1,1
50589,25,14,0.2518,0.7333,-0.1589,-0.0322,0.4916,-0.4916,0.9231,AT,16.8702452,16.870317,48.2951667,48.295225,8.39,2025,2010,0,15,25,25,J Pleyer,N Sauberer,Austria_VINCA,Austria,140.8,0.4348,97.65547921861268,97.89795105544984,94.2753554050186,280.41,227.48,105.84,5,4,12,1,1
50592,23,25,-0.0362,0.7949,-0.2009,0.1815,-0.1042,-0.5833,-0.003,AT,16.8696986,16.869501,48.2929886,48.29298,14.67,2025,2010,0,15,25,25,J Pleyer,N Sauberer,Austria_VINCA,Austria,140.8,0.4348,97.47239072950693,97.90461182380024,93.5493670886076,258.77,204.50000000000003,99.75,10,5,14,1,0
50595,15,15,0,0.84,0.2624,0.3571,-0.0907,-0.8736,-0.2665,AT,16.8710131,16.870998,48.2944065,48.294347,6.72,2025,2010,0,15,25,25,J Pleyer,N Sauberer,Austria_VINCA,Austria,141.3,0.4348,97.65547921861268,97.89795105544984,94.2753554050186,280.41,227.48,105.84,5,4,12,1,1
50596,20,14,0.1549,0.8276,0.1073,0.1154,-0.2429,-0.2186,-0.3087,AT,16.871728,16.871513,48.2955881,48.295489,19.37,2025,2010,0,15,25,25,J Pleyer,N Sauberer,Austria_VINCA,Austria,142.2,0.4348,97.65547921861268,97.89795105544984,94.2753554050186,280.41,227.48,105.84,5,4,12,1,1
51461,45,32,0.1481,0.7321,0.1532,0.0575,0.1356,0.0795,0.1244,AT,16.36161,16.36083,48.318248,48.31806,61.42,2024,1936,0,88,9,9,V Sobotka,J Uhlmann,Austria_VINCA,Austria,330.2,0.4029,95.19029694688416,94.60786721013604,89.43864878291107,108.64,102.83,51.04,6,8,11,1,1
51550,29,26,0.0474,0.641,-0.0922,0.0484,0.2856,-0.3597,0.7073,AT,16.3713935,16.3725,48.558352,48.55917,122.22,2024,1976,0,48,25,25,V Sobotka,J Eijsink,Austria_VINCA,Austria,446.3,0.3676,93.22328797680125,93.52328574771823,92.543911352116,113.14,86.39,85.76,15,18,21,1,1
51576,31,16,0.2872,0.6944,-0.6346,-0.3417,0.6371,-0.2762,0.8145,AT,16.452939,16.45417,48.580891,48.58139,106.32,2024,1976,0,48,10,10,D Borovyk,J Eijsink,Austria_VINCA,Austria,324.6,0.3661,89.18111864017457,90.51878354203936,90.77463023314114,44.2,11.52,40.53,18,7,17,1,1
51580,64,36,0.2499,0.5915,-0.1745,-0.0894,0.1623,-0.1406,0.1202,AT,16.582342,16.582015,48.724556,48.724637,25.65,2024,1976,0,48,100,100,D Borovyk,J Eijsink,Austria_VINCA,Austria,347,0.35619999999999996,89.69186433163378,91.27758310446065,93.55982157081408,45.79,53.53,126.67,13,15,14,1,1
51586,30,21,0.1549,0.5833,0.1679,0.05,-0.0786,0.0095,-0.0476,AT,16.356288,16.35722,48.558822,48.56056,205.3,2024,1976,0,48,8,8,D Borovyk,J Eijsink,Austria_VINCA,Austria,455.3,0.369,93.4756321959939,93.61258801551948,90.98987196636728,96.09,70.43,53.06,17,16,18,1,1
51590,17,28,-0.2167,0.6765,0.0252,0.1733,0.0378,0.0788,0.1985,AT,16.345529,16.34583,48.643042,48.64417,127.51,2025,1976,-65,49,35,100,N Türk,J Eijsink,Austria_VINCA,Austria,274.4,0.3578,92.82347473942774,93.1019276804838,90.8041765891189,76.19,80.27000000000001,110.23,12,12,31,0,0
51594,63,43,0.1659,0.6133,-0.2074,0.0964,0.1421,-0.025,0.4587,AT,16.563937,16.56528,48.764683,48.765,104.67,2024,1976,0,48,100,100,D Borovyk,J Eijsink,Austria_VINCA,Austria,217.9,0.35509999999999997,92.19951246952934,92.26058494351176,92.4823548722438,54.07,48.05,92.35,9,12,24,1,1
52217,7,14,-0.301,0.8333,0.3571,0,-0.4643,-0.1071,-0.8571,AT,16.9478622,16.947887,48.1709264,48.170913,2.37,2025,1991,22,34,25,3,J Pleyer,L Schratt-Ehrendorfer,Austria_VINCA,Austria,157.9,0.4362,97.96636880312504,96.263668723911,93.14678387915556,299.96999999999997,196.65,81.67,8,13,9,1,1
52225,18,27,-0.1761,0.7059,-0.0994,0.141,0.8077,-0.0128,0.3429,AT,16.9431377,16.943165,48.17188,48.171885,2.1,2025,1991,0,34,40,40,J Pleyer,L Schratt-Ehrendorfer,Austria_VINCA,Austria,144.5,0.4362,97.89034958871916,95.78518014955812,93.0341719864814,273.98,185.24,80.79,7,12,10,1,1
52231,29,23,0.1007,0.6316,0.009,0.0975,-0.2399,0.1424,-0.6117,AT,16.9261966,16.926501,48.1692463,48.169107,27.41,2025,1991,0,34,100,100,J Pleyer,L Schratt-Ehrendorfer,Austria_VINCA,Austria,143.8,0.438,96.02565317663412,93.60842184415829,92.5269092772937,159.53,107.43,49.48,11,14,13,1,1
52392,19,28,-0.1684,0.7568,-0.2252,-0.1726,-0.003,0.0893,0.4355,AT,16.9317584,16.931778,48.1721704,48.172162,1.73,2025,1992,0,33,45,45,J Pleyer,L Schratt-Ehrendorfer,Austria_VINCA,Austria,142.1,0.438,97.11466238441814,95.02336275309648,92.66429840142096,194.44000000000003,136,57.06,12,12,11,1,1
52393,13,24,-0.2663,0.7586,-0.3333,-0.125,0.3854,-0.1667,0.1042,AT,16.9317606,16.9315,48.1717991,48.171884,21.53,2025,1992,0,33,15,15,J Pleyer,L Schratt-Ehrendorfer,Austria_VINCA,Austria,142.5,0.438,97.11466238441814,95.02336275309648,92.66429840142096,194.44000000000003,136,57.06,12,12,11,1,1
52969,24,17,0.1498,0.5185,0.1458,-0.1988,0.1579,0.1049,0.4469,AT,16.985139,16.98526,48.165056,48.16552,52.43,2025,2010,0,15,25,25,N Türk,M Staudinger,Austria_VINCA,Austria,139.7,0.4355,97.96046118907589,96.77481172029204,91.78667113194908,345.32,262.54,60.5,10,15,24,1,1
53021,31,39,-0.0997,0.5714,-0.2286,0.1662,0.2916,-0.009,0.3004,AT,16.937167,16.93714,48.1705,48.17054,4.88,2025,2010,0,15,25,25,N Türk,A Beiser,Austria_VINCA,Austria,155.5,0.4385,97.07850707850707,94.8610905866706,92.2671353251318,195.65,136.51,57.66,8,13,13,1,1
53063,14,19,-0.1326,0.5652,-0.1786,0.0902,0.7105,-0.1165,0.3045,AT,16.9460194,16.94602,48.1721299,48.17212,1.1,2025,2019,0,6,25,25,J Pleyer,N Sauberer,Austria_VINCA,Austria,139.7,0.4362,97.96636880312504,96.263668723911,93.14678387915556,299.96999999999997,196.65,81.67,8,13,9,1,1
53553,26,46,-0.2478,0.7544,-0.0265,0.21,-0.4293,0.6831,-0.2853,AT,16.1650023,16.165243,48.300272,48.300157,21.95,2024,1990,0,34,20,20,J Pleyer,J Huspeka,Austria_VINCA,Austria,222.2,0.4083,95.99325313474635,94.56505062902733,92.8103448275862,158.37,131.51,87.94,10,10,18,1,1
53586,43,40,0.0314,0.6613,0.127,0.0693,-0.3135,0.2444,-0.5242,AT,16.1617519,16.161796,48.2975154,48.297244,30.39,2024,1990,0,34,20,20,J Pleyer,J Huspeka,Austria_VINCA,Austria,261.5,0.4076,95.85565356856456,94.27607990438791,93.1926406926407,157.13,118.23,93.37,8,11,16,1,1
53621,59,32,0.2657,0.7324,-0.6611,0.16,0.0043,0.1562,0.5199,AT,16.1925459,16.193349,48.3111751,48.31119,59.48,2024,1990,0,34,25,25,V Kalusová,J Huspeka,Austria_VINCA,Austria,329.8,0.4049,95.52147017328076,95.76001399335316,90.80702896192646,139.4,144.13,31.29,10,9,13,1,1
53697,26,32,-0.0902,0.55,0.2031,0.0288,0.0673,0.1022,-0.4183,AT,16.56995,16.57,48.55989,48.5599,3.85,2025,2018,0,7,20,20,G Hörmann,M Denner,Austria_VINCA,Austria,194.3,0.3786,97.82602011008272,96.97966281091706,94.07098583234948,163.89,133.43,136.69,5,6,15,0,0
53701,24,24,0,0.5882,-0.0521,-0.0208,-0.8333,-0.0625,-0.3854,AT,16.57257,16.5726,48.56031,48.5603,2.47,2025,2018,0,7,20,20,G Hörmann,M Denner,Austria_VINCA,Austria,193.5,0.3786,97.82602011008272,96.97966281091706,94.07098583234948,163.89,133.43,136.69,5,6,15,0,0
53814,16,21,-0.1181,0.3913,-0.2158,-0.1741,-0.369,-0.0789,0.2872,AT,16.234333,16.234345,48.708278,48.708282,0.99,2025,2020,0,5,10,10,N Türk,J Danihelka,Austria_VINCA,Austria,184.6,0.3628,97.29260498704174,94.91798987960216,90.66333957163651,200.13,115.7,48.79,6,4,18,1,1
53815,27,36,-0.1249,0.5238,-0.1646,-0.0124,-0.2466,0.0587,-0.4519,AT,16.236889,16.236889,48.709583,48.709579,0.45,2025,2020,0,5,10,10,N Türk,J Danihelka,Austria_VINCA,Austria,184.1,0.3628,97.29260498704174,94.91798987960216,90.66333957163651,200.13,115.7,48.79,6,4,18,1,1
53816,21,30,-0.1549,0.6111,0.0841,0.0538,-0.1982,0.1722,-0.4742,AT,16.238194,16.238163,48.709083,48.709068,2.82,2025,2020,0,5,10,10,N Türk,J Danihelka,Austria_VINCA,Austria,184.3,0.3628,97.28940148358906,94.9891461649783,91.41652829224678,198.23,111.62,39.78,8,5,15,1,1
54005,25,48,-0.2833,0.7193,-0.3983,0.0042,0.1977,0.0667,0.4567,AT,16.1754457,16.175433,48.3057378,48.305781,4.9,2024,2010,0,14,25,25,J Pleyer,M Staudinger,Austria_VINCA,Austria,242.9,0.4024,96.44623375332388,95.06557012669482,92.16891837229998,202.62,181.31,62.6,9,11,16,1,1
54127,34,37,-0.0367,0.6792,-0.0352,0.0446,-0.2477,-0.076,-0.1138,AT,16.1956483,16.195427,48.3171193,48.317169,17.29,2024,2011,0,13,25,25,J Pleyer,V Grass,Austria_VINCA,Austria,194.8,0.41,94.85152935923196,95.12634656201192,90.75970977379428,113.04,125.98,23.92,13,12,10,1,1
54146,46,37,0.0946,0.5932,0.005,0.1416,-0.057,0.0109,-0.2397,AT,16.155812,16.155816,48.2950154,48.295059,4.86,2024,2011,0,13,25,25,J Pleyer,V Grass,Austria_VINCA,Austria,256.1,0.4079,95.41934817771966,93.46589616417164,93.45532630006537,146.5,110.94,108.15,9,11,14,1,1
54154,40,42,-0.0212,0.6102,0.0152,0.13,-0.1708,0.0685,-0.0554,AT,16.1598493,16.159904,48.2952554,48.295228,5.07,2024,2011,0,13,25,25,J Pleyer,V Grass,Austria_VINCA,Austria,325.6,0.4076,95.8836077594827,93.84509624197985,93.1053027858449,151.24,110.15,93.94,7,10,16,1,1
54156,35,35,0,0.6667,-0.0403,-0.0325,-0.0281,0.0916,-0.076,AT,16.1721078,16.172254,48.2995324,48.299615,14.2,2024,2011,0,13,25,25,J Pleyer,V Grass,Austria_VINCA,Austria,295.5,0.4064,95.9376191081184,94.80534221179676,92.44420899278194,158.68,133.31,76.38,7,12,18,1,1
54170,40,29,0.1397,0.62,-0.1343,0.1903,-0.02,0.1429,-0.1466,AT,16.179734,16.179734,48.305342,48.305342,0.1,2024,2011,0,13,25,25,J Pleyer,V Grass,Austria_VINCA,Austria,303.9,0.4024,96.49155081338203,95.30421536748982,91.89991899919,191.64,172,56.31,10,14,15,1,1
54188,40,35,0.058,0.7903,0.4821,-0.0768,-0.2339,-0.0857,-0.2982,AT,16.2152738,16.216504,48.3222087,48.32083,178.46,2024,2011,0,13,25,25,J Pleyer,V Grass,Austria_VINCA,Austria,241.3,0.40370000000000006,94.7850707850708,94.32894432894432,92.99920445505172,98.12,87.52,25.65,13,14,4,1,1
54189,39,40,-0.011,0.5636,-0.0569,-0.0591,0.2072,-0.1088,0.1631,AT,16.1799271,16.179947,48.3072074,48.307226,2.54,2024,2011,0,13,25,25,J Pleyer,V Grass,Austria_VINCA,Austria,278.7,0.4024,96.33956386292834,95.14973087102626,91.48033924441016,187.55,169.44,52.61,11,13,18,1,1
54199,33,34,-0.013,0.6042,-0.033,0.2097,-0.1152,0.2854,-0.0644,AT,16.1702023,16.170198,48.3033138,48.303314,0.32,2024,2011,0,13,25,25,J Pleyer,V Grass,Austria_VINCA,Austria,267.9,0.4063,95.91216216216216,94.6670556960384,91.9684143131536,178.94,155.48,71.13,9,9,21,1,1
54206,44,33,0.1249,0.7119,-0.0504,0.1023,0.2202,-0.331,0.3317,AT,16.1864089,16.1862,48.3078052,48.308338,61.29,2024,2011,0,13,25,25,J Pleyer,V Grass,Austria_VINCA,Austria,302.8,0.407,95.85812291838651,95.11803238165864,90.77059794337946,176.98000000000002,163.1,40.02,12,15,17,1,1
54278,28,32,-0.058,0.6667,-0.1339,0.067,-0.2344,-0.0246,-0.5625,AT,16.2570533,16.256949,48.3378321,48.337834,7.72,2024,2011,0,13,100,100,J Pleyer,T Wrbka,Austria_VINCA,Austria,423,0.3979,92.2760336906585,91.93743693239152,95.99243856332704,52.97,50.260000000000005,26.97,13,14,2,1,1
54363,40,31,0.1107,0.5106,0.0208,0.1354,-0.1063,0.0646,-0.2146,AT,16.2878952,16.287931,48.309449,48.309506,6.88,2024,2011,0,13,100,100,J Pleyer,T Wrbka,Austria_VINCA,Austria,230.5,0.4053,96.63612977740443,96.62506352019632,93.9787681079288,382.92,405.43,91.39,9,6,19,1,1
54454,40,36,0.0458,0.5098,-0.016,0.2104,-0.1021,0.0493,-0.0694,AT,16.2907093,16.290713,48.2918294,48.291851,2.42,2024,2011,0,13,100,100,J Pleyer,T Wrbka,Austria_VINCA,Austria,278.8,0.4021,95.75647354291158,94.82966161606512,91.02857142857142,290.38,263.31,44.42,10,13,21,1,1
56133,21,19,0.0435,0.875,0.1528,0.2222,-1.9722,-0.1944,-0.375,AT,16.92249,16.922556,48.53406,48.534083,5.5,2025,1990,0,35,6,6,G Hörmann,S Plenk,Austria_VINCA,Austria,147.2,0.4344,98.70932067379664,95.9965811023188,95.79953650057938,372.67,182.7,173.92000000000002,2,7,22,1,1
56600,13,12,0.0348,0.8095,0.9968,0.5449,-0.25,-0.0705,-0.3173,AT,15.17125,15.17153,48.32131,48.32082,58.35,2024,1977,0,47,10,10,H Schwaiger,E Balátová-Tuláčková,Austria_VINCA,Austria,532.1,0.4784,94.3038914744034,94.66153437748872,93.05551960657436,203.41,189.73,194.57,19,23,24,0,0
56607,22,11,0.301,0.8621,-0.0568,0.2045,-2.5455,0.6136,0.0114,AT,15.15261,15.15044,48.37121,48.37002,208.09,2024,1977,0,47,20,20,H Schwaiger,E Balátová-Tuláčková,Austria_VINCA,Austria,825.6,0.4597,95.0713525026624,95.49433760942844,94.92687954226416,236.29,207.63,283.07,23,17,16,1,0
56610,19,41,-0.334,0.7234,0.1637,0.2529,-0.5834,0.4056,-0.0674,AT,15.7621775,15.76124,48.8454579,48.84545,68.69,2024,1977,0,47,16,16,J Pleyer,E Balátová-Tuláčková,Austria_VINCA,Austria,443.2,0.4224,92.99674267100976,90.52986411039714,92.14938259210923,59.1,48.16,50.52,15,9,13,0,0
56612,24,32,-0.1249,0.6667,0.3203,0.0729,-0.0156,-0.0156,0.3151,AT,15.8776545,15.87492,48.7116987,48.71237,214.31,2024,1977,0,47,18,18,J Pleyer,E Balátová-Tuláčková,Austria_VINCA,Austria,249.3,0.4125,95.36735742421646,95.91271215794944,94.617628992629,59.16,73.03,131.39,10,8,13,1,1
56620,22,31,-0.1489,0.641,-0.2455,0.1364,0.2121,0.4742,0.7182,AT,14.81399,14.81427,48.55369,48.55394,34.64,2024,1977,0,47,16,16,H Schwaiger,E Balátová-Tuláčková,Austria_VINCA,Austria,909.1,0.4444,95.23131970454688,94.45204308428792,96.14610863476786,240.51,176.8,255.11,7,10,9,1,0
56626,25,15,0.2218,0.7419,-0.1458,-0.3833,-0.9229,-0.3625,-0.3,AT,16.91814,16.91809,48.57061,48.57048,14.93,2025,1995,0,30,10,10,G Hörmann,Vegetationsökologie,Austria_VINCA,Austria,149.3,0.4294,96.9450013074174,94.9459742070408,95.906432748538,230.98,115.84,149.14,11,18,16,1,1
56627,10,20,-0.301,0.6364,0.025,0,0.5,0.025,-0.15,AT,16.91706,16.91724,48.27855,48.27867,18.88,2025,1995,0,30,100,100,G Hörmann,Vegetationsökologie,Austria_VINCA,Austria,139.6,0.4332,98.89043532049794,98.55646172499198,98.26364772885124,519.6,484.7000000000001,397.94,7,7,14,1,1
57123,32,30,0.028,0.8727,0.4771,0.3464,-0.9568,-0.0109,-1.4823,AT,15.963056,15.96285,48.350528,48.350425,19.07,2025,1996,0,29,40,40,N Türk,F Essl,Austria_VINCA,Austria,183.7,0.4247,97.50907497809489,93.73982721923126,91.54148883099606,80.79,80.77,91.16,3,13,25,1,0
57124,25,30,-0.0792,0.75,-0.2683,-0.2267,0.39,-0.6333,0.065,AT,15.914333,15.914352,48.369472,48.369436,4.25,2025,1996,0,29,10,10,N Türk,F Essl,Austria_VINCA,Austria,180.9,0.4335,94.75735411884042,93.30242651410532,92.63488144833616,94.63,51.41,98.21,19,15,22,1,0
57653,30,31,-0.0142,0.9091,-0.7483,0.0159,0.7767,0.3365,1.8376,AT,16.891033,16.89114,48.300833,48.30086,8.47,2025,2003,0,22,20,20,G Hörmann,E Pauer,Austria_VINCA,Austria,150.1,0.4353,97.0993194818114,96.55415874012044,94.12888262312975,222.65,256.55,111,18,17,21,1,1
58381,29,29,0,0.7391,0.0603,0.4483,-0.2414,0.2759,0.3362,AT,16.0822333,16.08201,48.44026,48.43882,161.15,2024,1996,0,28,25,25,V Sobotka,W Stark,Austria_VINCA,Austria,238.4,0.4053,89.13265306122449,90.20855425945564,93.15485063502474,10.12,14.53,84.78,5,8,21,0,0
58714,12,22,-0.2632,0.6923,-0.1648,-0.1136,-0.4205,-0.0758,0.3163,AT,16.85444444,16.85445,48.3986111,48.39875,15.47,2025,2013,0,12,25,25,G Hörmann,M Staudinger,Austria_VINCA,Austria,144.6,0.4304,97.25092486286516,95.39989545216936,93.29229874472932,315.34,163.89,104.19,6,9,16,1,1
58718,30,17,0.2467,0.6176,-0.2088,-0.0039,-0.1076,-0.1833,0.1789,AT,16.847333,16.8474,48.4096,48.409617,5.3,2025,2013,0,12,25,25,G Hörmann,M Staudinger,Austria_VINCA,Austria,146.8,0.4319,96.70847171962524,95.24714273186989,91.78560734604253,304.34,172.37,101.2,6,12,19,1,1
58721,27,18,0.1761,0.7429,0.1239,-0.1239,-1.1976,-0.4103,-0.4359,AT,16.84985,16.84995,48.39845,48.39845,7.39,2025,2013,0,12,25,25,G Hörmann,M Staudinger,Austria_VINCA,Austria,143.1,0.4311,97.25092486286516,95.39989545216936,93.29229874472932,315.34,163.89,104.19,6,9,16,1,1
58867,25,35,-0.1461,0.8,0.5829,0.1886,-0.7914,-0.1771,-1.1629,AT,16.2107699,16.21082,48.3775351,48.37766,14.39,2024,1990,0,34,4,4,J Pleyer,A Starka,Austria_VINCA,Austria,172.9,0.4041,93.1240501021959,92.90044299370484,92.6674425986668,96.39,43.55,47.95,19,12,10,1,0
58874,17,38,-0.3493,0.6905,-0.3177,-0.0805,0.3781,-0.0151,0.5124,AT,16.2337671,16.23377,48.3757725,48.37575,2.51,2024,1990,0,34,6,6,J Pleyer,A Starka,Austria_VINCA,Austria,170,0.4022,93.56375231271898,92.69780131600064,94.14243140478882,128.15,31.72,49.36,20,8,5,1,1
58875,30,39,-0.1139,0.5918,-0.084,0.0192,0.0756,0.0231,-0.1288,AT,16.2247423,16.2248,48.3724042,48.37241,4.32,2024,1990,0,34,6,6,J Pleyer,A Starka,Austria_VINCA,Austria,170.6,0.404,92.71272612619714,92.80939321220433,93.26884320838371,128,59.11,50.330000000000005,24,14,8,1,1
58887,24,37,-0.188,0.5122,0.1329,0.0923,-0.2545,-0.0034,0.0298,AT,16.2124451,16.21233,48.3689829,48.36894,9.76,2024,1990,0,34,6,6,J Pleyer,A Starka,Austria_VINCA,Austria,172.7,0.4033,92.3388671875,93.13521545319465,92.84580378876072,103.42,68.13000000000001,47.94,25,15,10,1,1
58888,34,37,-0.0367,0.58,0.1129,0.0469,-0.1383,0.2341,0.0668,AT,16.2282252,16.22831,48.3730468,48.37394,99.63,2024,1990,0,34,10,10,J Pleyer,A Starka,Austria_VINCA,Austria,177.2,0.4046,92.31067626395414,92.9093799682035,93.83718708197976,117.09,47.87,53.06,27,12,6,1,1
58890,27,33,-0.0872,0.6667,-0.0076,0.0758,-0.2189,0.0328,-0.053,AT,16.212226,16.21225,48.3706747,48.37069,2.46,2024,1990,0,34,10,10,J Pleyer,A Starka,Austria_VINCA,Austria,173.2,0.4033,92.37647702906156,92.98541376530088,92.85565289945764,110.65,69.05,48.64,26,15,11,1,1
60154,23,8,0.4586,0.8519,-0.2826,-0.1033,0.7989,-0.7174,-0.6576,AT,15.34053,15.33964,48.52457,48.52457,65.62,2024,2015,0,9,25,25,H Schwaiger,M Staudinger,Austria_VINCA,Austria,690.8,0.4558,92.98871063576944,92.22111055527763,92.3839030369059,186.5,141.12,148.08,15,25,30,0,0
60158,19,19,0,0.7742,-0.3158,-0.1447,0.0921,0.0921,0.1974,AT,15.27501,15.2769,48.52709,48.52705,139.41,2024,2015,0,9,25,25,H Schwaiger,M Staudinger,Austria_VINCA,Austria,718.5,0.4518,93.26899943863776,93.13599313599312,92.5565280816922,188.42,141.05,138.28,25,24,28,0,0
60160,16,19,-0.0746,0.6,0.037,-0.0214,-0.1398,0.2401,-0.2673,AT,15.25124,15.25172,48.52789,48.52791,35.46,2024,2015,0,9,25,25,H Schwaiger,M Staudinger,Austria_VINCA,Austria,693.6,0.4562,94.20109566756776,94.41719287785575,93.20936179675338,210.46,185.86,181.23,16,16,29,0,0
60163,26,13,0.301,0.7419,-0.0096,0.0385,-0.25,-0.3462,-0.7596,AT,15.24221,15.24297,48.52952,48.5297,59.5,2024,2015,0,9,25,25,H Schwaiger,M Staudinger,Austria_VINCA,Austria,712.4,0.4528,94.43953378420046,94.30700247618624,92.80845070422536,244.8,225.64,178.84,17,15,25,0,0
60174,29,17,0.2319,0.878,0.3788,0.3245,0.2688,1.5335,1.9244,AT,15.14271,15.14263,48.5283,48.52849,21.96,2024,2015,-51,9,49,100,H Schwaiger,M Staudinger,Austria_VINCA,Austria,628,0.45719999999999994,92.23076560215104,92.60080645161293,91.50234930324083,107.03,75.27,125.63,14,16,26,0,0
60175,26,27,-0.0164,0.6053,-0.3187,0.0506,-0.1873,-0.0014,-0.2489,AT,15.23578,15.236533,48.52879,48.5295,96.58,2024,2015,0,9,25,25,H Schwaiger,M Staudinger,Austria_VINCA,Austria,717.6,0.4523,94.65402883267424,94.57218941762186,93.33413948426494,240.52,217.4,166.69,17,17,19,0,0
60176,12,24,-0.301,0.6667,-0.1771,-0.0208,-0.3542,0.5833,0.2396,AT,15.2215,15.2211,48.5297,48.5298,31.52,2024,2015,0,9,25,25,H Schwaiger,M Staudinger,Austria_VINCA,Austria,743.5,0.4524,93.97853974343604,93.8577965505104,92.59597012332812,168.12,143.25,116.22,22,22,21,0,0
60181,20,11,0.2596,0.8929,0.6784,0.3864,-1.4091,0.8614,-0.0989,AT,15.11077,15.110767,48.53616,48.5359,28.94,2024,2015,0,9,25,25,H Schwaiger,M Staudinger,Austria_VINCA,Austria,604,0.4527,91.84058784507832,93.16561280774924,92.1709367627023,98.98,75.2,151.7,21,16,27,0,0
60183,23,20,0.0607,0.6562,0.0973,0.0967,-0.0391,0.1641,0.0495,AT,15.07108,15.071083,48.5395,48.5395,0.22,2024,2015,0,9,25,25,H Schwaiger,M Staudinger,Austria_VINCA,Austria,709.4,0.452,91.19293302364542,91.13162487370258,92.35028712059064,132.47,109.92,220.91,25,28,31,1,0
60186,27,19,0.1526,0.878,0.3104,-0.0029,-1.5721,0.1043,-0.3173,AT,15.01806,15.01881,48.54187,48.54427,272.82,2024,2015,1,9,25,24,H Schwaiger,M Staudinger,Austria_VINCA,Austria,701.6,0.4499,91.30735332238832,92.1496904895892,93.04781039855666,174.92000000000002,143.36,245.45,23,24,20,1,0
60302,34,44,-0.112,0.5,-0.2066,-0.2263,0.1073,-0.1203,0.1728,AT,16.167972,16.16798,48.649139,48.64915,1.36,2025,2016,0,9,25,25,N Türk,N Sauberer,Austria_VINCA,Austria,332.4,0.3748,91.46235938852033,89.40239043824701,93.51517582564512,17.76,25.61,75.66,6,14,17,0,0
61503,16,9,0.2499,0.6842,0.092,0.1372,-0.2847,0.5069,0.1372,AT,16.8755162,16.875557,48.2900029,48.290011,3.15,2025,2017,0,8,25,25,J Pleyer,M Staudinger,Austria_VINCA,Austria,145.7,0.4343,97.0194393044032,97.50442606650014,93.35152437424568,252.89,207.61,96.27,9,8,13,1,0
61597,32,16,0.301,0.5882,-0.2734,-0.1016,0.2812,0.1406,0.3281,AT,15.9342576,15.93427,48.760454,48.76048,3.03,2024,2017,0,7,20,20,J Pleyer,G Kadlec,Austria_VINCA,Austria,321.2,0.398,94.87553415180084,95.32116837109818,92.35059760956176,148.65,225.92,114.02,13,7,19,1,1
61609,30,14,0.331,0.7429,-0.5607,-0.3571,0.4619,-0.2143,0.1131,AT,15.68018,15.68016,48.5462,48.54626,6.84,2024,2017,0,7,20,20,A Clark,G Kadlec,Austria_VINCA,Austria,271.8,0.459,93.20618529543478,92.91502990409457,93.27244942512009,191.19,142.48000000000002,138.6,12,17,27,1,1
61615,19,12,0.1996,0.5238,-0.2632,0.0219,0.1053,0.0899,0.0592,AT,15.942944,15.943,48.362833,48.3628,5.54,2025,2017,0,8,20,20,N Türk,G Kadlec,Austria_VINCA,Austria,181.6,0.4254,95.5575221238938,93.5230103579389,91.98658953457796,85.68,77.15,76.94,16,19,16,1,0
61617,22,17,0.112,0.5,0.0414,0.1885,-0.0802,-0.3102,-0.2701,AT,15.970167,15.97016,48.349194,48.3492,0.85,2025,2017,0,8,20,20,N Türk,G Kadlec,Austria_VINCA,Austria,178.6,0.4215,97.57429120913208,94.08437885978029,91.0485651214128,81.5,77.8,91.56,2,12,23,1,0
61664,42,32,0.1181,0.4898,0.1466,0.0558,-0.0699,-0.061,-0.2199,AT,16.396113,16.39618,48.574697,48.57469,5,2024,2017,0,7,20,20,D Borovyk,N Helm,Austria_VINCA,Austria,474.9,0.3691,95.04003237274908,94.39133827545844,93.00331634716493,174.31,155.03,124.75,10,13,22,1,1
61677,24,31,-0.1112,0.625,-0.0148,0.1384,-0.0477,0.1902,0.0296,AT,15.56276,15.562813,48.42412,48.424135,4.26,2025,2017,0,8,20,20,G Hörmann,N Helm,Austria_VINCA,Austria,365.4,0.4633000000000001,91.43634840871022,91.87437353825592,91.4242281281124,48.46,75.7,96.37,16,20,32,1,1
61711,26,27,-0.0164,0.4706,0.0962,-0.0788,0.0481,0.1795,0.2308,AT,16.331472,16.33147,48.6495,48.6495,0.15,2025,2017,0,8,20,20,N Türk,N Helm,Austria_VINCA,Austria,235.2,0.3599,92.82347473942774,93.1019276804838,90.8041765891189,76.19,80.27000000000001,110.23,12,12,31,0,0
61716,39,41,-0.0217,0.44,-0.049,-0.0786,0.1234,-0.0016,0.2859,AT,16.6646947,16.66477,48.7593115,48.75916,17.75,2024,2017,0,7,20,20,V Kalusová,N Helm,Austria_VINCA,Austria,218.2,0.3747,95.91495947542052,94.8158379373849,92.24709386108177,123.88,109.65,105.12,4,6,16,0,0
61721,39,27,0.1597,0.617,0.0032,-0.1506,0.1058,-0.1314,-0.0545,AT,16.624559,16.62455,48.428811,48.42881,0.67,2024,2017,0,7,20,20,D Borovyk,N Helm,Austria_VINCA,Austria,228.7,0.4051,95.07544861337684,89.22190201729107,90.5184523049419,49.75,44.04,79.2,6,5,28,0,0
61745,12,8,0.1761,0.6667,-0.1458,-0.5417,0.6875,-0.1042,0.7917,AT,15.93652,15.93654,48.42179,48.42181,2.67,2024,2017,0,7,20,20,A Clark,G Kadlec,Austria_VINCA,Austria,207.7,0.4247,94.204171240395155,91.79642992783896,90.94591374791516,23.26,26.85,21.45,6,7,11,0,0
83433,26,29,-0.0474,0.9,0.1555,-0.3946,0.7599,-0.4828,1.2304,AT,14.50634,14.50676,48.214,48.21267,151.3,2024,1995,-14,29,16,30,H Schwaiger,F Essl,Austria_VINCA,Austria,249.7,0.5617,93.88264669163546,95.86762540067572,93.59552703475444,40.69,58.48,79.59,7,5,13,0,0
83439,21,29,-0.1402,0.7179,-0.0722,0.1704,-0.2545,-0.1301,-0.0866,AT,14.16524,14.18573,48.27732,48.2712,1663.97,2024,1999,0,25,50,50,H Schwaiger,F Essl,Austria_VINCA,Austria,350,0.5633,92.58468262640312,93.30692667072924,91.32684114424832,101.68,99.46,50,24,16,20,0,0
83441,19,28,-0.1684,0.825,-0.2124,-0.2143,0.4784,-0.4972,0.6095,AT,14.20281,14.20089,48.28648,48.28385,325.49,2024,1994,-25,30,25,50,H Schwaiger,F Essl,Austria_VINCA,Austria,321.7,0.5623,92.42858191965924,92.6965815590805,91.67587790153898,68.92,59.72,59.58,18,16,23,0,0
83442,27,26,0.0164,0.641,0.0014,0.2297,0.1343,0.0566,0.0962,AT,14.204,14.20623,48.29288,48.2933,171.65,2024,1994,0,30,40,40,H Schwaiger,F Essl,Austria_VINCA,Austria,355.9,0.5589000000000001,92.92887029288704,93.33333333333331,92.0730082600586,48.5,41.37,38.15,11,8,14,0,0
83443,41,18,0.3575,0.7447,-0.2747,0.1162,0.1257,-0.3425,0.1165,AT,14.18598,14.18691,48.30739,48.30617,152.27,2024,1994,0,30,50,50,H Schwaiger,F Essl,Austria_VINCA,Austria,290.6,0.5621,92.7211276893908,93.48853492035708,92.06394723636105,61.440000000000005,86.63000000000001,70.59,10,14,22,0,0
83449,36,25,0.1584,0.7292,-0.0475,-0.2478,0.1678,0.0467,0.4439,AT,14.18275,14.1855,48.31172,48.31342,277.96,2024,1994,-10,30,40,50,H Schwaiger,F Essl,Austria_VINCA,Austria,291.2,0.5626,92.27376545640702,93.62028871045588,91.02878639188748,64.29,115.03,61.93,10,16,26,0,0
83450,36,37,-0.0119,0.6727,0.1044,0.0852,-0.0698,0.1299,-0.5313,AT,14.18552,14.1844,48.3107,48.31092,86.46,2024,1994,-10,30,40,50,H Schwaiger,F Essl,Austria_VINCA,Austria,304.2,0.5589000000000001,92.80340856134744,93.4641117837149,90.68008048289738,75.98,110.91,62.92,10,17,29,0,0
83453,36,40,-0.0458,0.5385,-0.1125,-0.2139,0.3833,-0.0833,0.3778,AT,14.18668,14.19214,48.30906,48.3112,469.22,2024,1994,0,30,50,50,H Schwaiger,F Essl,Austria_VINCA,Austria,306.9,0.5589000000000001,90.54035844225844,92.59796806966618,91.23686949938488,37.72,66.27,53.57,12,16,23,0,0
83459,28,12,0.368,0.8571,-0.628,-0.0923,0.8065,0.0327,0.744,AT,14.69438,14.69609,48.23198,48.23162,132.98,2024,2001,0,23,10,10,H Schwaiger,F Essl,Austria_VINCA,Austria,251.3,0.5378000000000001,96.51586684993724,96.16508943169994,91.67881084232002,168.63,203.26,103.95,15,19,32,0,0
83461,36,34,0.0248,0.6,-0.3109,0.06,0.1066,-0.0176,0.1058,AT,14.4097,14.40893,48.26246,48.26287,73.07,2024,1999,-15,25,25,40,H Schwaiger,F Essl,Austria_VINCA,Austria,291.5,0.5625,92.555772530919,92.76298559580968,90.50102599179206,85.42,58.04,59.25,23,18,14,0,0
83466,32,48,-0.1761,0.5185,-0.1276,0.0885,0.1198,0.0052,0.1745,AT,14.74449,14.74307,48.21148,48.21204,122.4,2024,2001,0,23,50,50,H Schwaiger,F Essl,Austria_VINCA,Austria,273.5,0.5341,96.4258780435251,96.02225786071828,92.41145281018028,187.01,207.21,118.97,15,14,28,0,0
83467,32,42,-0.1181,0.6296,-0.0137,-0.2021,0.2894,-0.0149,0.5193,AT,14.53446,14.5366,48.25683,48.25779,191.25,2024,2001,0,23,40,40,H Schwaiger,F Essl,Austria_VINCA,Austria,296.2,0.5572,91.08268615806304,90.49614861803352,90.59147441374728,55.47,44.81,53.400000000000006,20,15,19,0,0
83469,30,38,-0.1027,0.6122,0.2912,-0.1232,-0.0504,-0.0943,-0.0917,AT,14.41462,14.40969,48.26213,48.26055,405.49,2024,1995,-25,29,25,50,H Schwaiger,F Essl,Austria_VINCA,Austria,317.1,0.5625,91.471911743359,92.01958708311275,90.5629844135934,69.73,38.4,59.48,20,15,14,0,0
83473,18,18,0,0.6154,0.1944,0.0139,0.2083,-0.5417,0.4306,AT,14.43622,14.43662,48.26837,48.2681,42.21,2024,2001,10,23,50,40,H Schwaiger,F Essl,Austria_VINCA,Austria,296.8,0.5591,92.76758828360252,93.29263262107088,90.14138326327856,92.29,122.32,39.89,19,19,21,0,0
83476,27,34,-0.1001,0.8704,-0.0245,0.0441,0.4357,0.1792,1.7075,AT,14.66471,14.66517,48.24491,48.24471,40.73,2024,2001,-10,23,40,50,H Schwaiger,F Essl,Austria_VINCA,Austria,296,0.5369,95.3138694127958,95.04041682898324,91.4101146481988,183.92,206.8,86.85000000000001,21,21,29,0,0
83681,15,33,-0.3424,0.7692,0.4,0.003,-1.1667,0.7818,0.7667,AT,14.89618,14.89566,48.71121,48.71077,62.11,2024,1981,0,43,16,16,H Schwaiger,E Balátová-Tuláčková,Austria_VINCA,Austria,514.6,0.4482,92.96332752833094,93.65406407746988,94.43611961691316,199.52,195.54,231.76,26,28,28,1,0
83687,21,27,-0.1091,0.7368,0.2989,-0.1085,-0.2354,0.0926,-0.3519,AT,15.03559,15.037,48.77582,48.7768,150.33,2024,1977,0,47,16,16,H Schwaiger,E Balátová-Tuláčková,Austria_VINCA,Austria,501.4,0.4358,91.62700727685836,92.5058471933472,93.86248269497,164.13,155.17000000000002,152.93,28,31,24,1,0
83688,1,38,-1.5798,1,0.2039,0.0921,0.7368,2.3553,2.6645,AT,15.143204,15.14277,48.9481892,48.94775,58.28,2024,1977,0,47,16,16,M Marek,E Balátová-Tuláčková,Austria_VINCA,Austria,582.9,0.4388,92.49170485068731,93.44053899447022,94.6197210958362,159.49,158.59,203.65,22,16,18,1,0
83690,13,41,-0.4988,0.92,0.1501,0.1951,-1.803,1.349,1.2036,AT,15.0889086,15.089,48.9904961,48.99047,7.28,2024,1977,0,47,16,16,M Marek,E Balátová-Tuláčková,Austria_VINCA,Austria,565.5,0.4446,92.43475767135074,94.15628469224129,92.48387470549612,175.68,163.42,130.6,20,12,27,0,0
83691,18,51,-0.4523,0.7679,-0.0253,0.053900000000000003,-0.7386,0.6928,0.4502,AT,14.79119,14.79205,48.7076,48.70813,86.44,2024,1981,0,43,16,16,H Schwaiger,E Balátová-Tuláčková,Austria_VINCA,Austria,655.7,0.4457,94.41390870463492,95.86859227500094,95.33143264433356,258.14,267.53000000000003,240.06,18,10,14,1,0
83692,24,49,-0.31,0.7414,-0.3014,0.0591,-0.8699,0.5685,0.8673,AT,15.166167,15.16597,48.565556,48.5675,216.89,2025,1981,0,44,16,16,N Türk,E Balátová-Tuláčková,Austria_VINCA,Austria,653.5,0.4493,94.72851871375858,93.99091999314716,93.332232133025,133.95000000000002,117.83,91.77,19,22,17,0,0
83693,29,34,-0.0691,0.6596,0.1024,0.0918,-1.0164,0.7632,0.6327,AT,15.096917,15.09891,48.872569,48.87133,200.79,2025,1977,0,48,20,20,N Türk,E Balátová-Tuláčková,Austria_VINCA,Austria,556.8,0.4368,92.34950572649356,92.3649342166651,93.18198302748966,199.18,215.81,277.40999999999997,23,24,15,0,0
83696,28,32,-0.058,0.6957,-0.1362,0.1674,-0.7902,0.5134,0.4598,AT,15.407111,15.40972,48.886583,48.8848,275.44,2025,1977,0,48,16,16,N Türk,E Balátová-Tuláčková,Austria_VINCA,Austria,439.5,0.439,92.19082475104264,92.68332251784555,91.74558303886926,118.58,124.4,71.6,24,17,15,1,0
83698,20,55,-0.4393,0.8095,0.1591,0.1318,-0.9409,0.7386,0.3227,AT,14.79512,14.79658,48.69955,48.70008,122.42,2024,1981,0,43,16,16,H Schwaiger,E Balátová-Tuláčková,Austria_VINCA,Austria,652.3,0.4475,95.21031127832808,95.86023547284466,95.27935056961594,342.06,344.15000000000003,294.9,14,9,14,1,0
83700,31,57,-0.2645,0.7429,0.0706,0.1596,-0.8192,0.7736,0.5208,AT,15.19481,15.19569,48.3133,48.31425,124.21,2024,1981,0,43,20,20,H Schwaiger,E Balátová-Tuláčková,Austria_VINCA,Austria,448.9,0.4798,94.49560103933992,94.45442429159182,94.02908358854646,220.86,173.89,235,22,18,25,1,0
83701,34,41,-0.0813,0.6481,0.1042,0.226,-0.6231,0.5979,0.246,AT,14.840683,14.84102,48.720944,48.72072,35.13,2025,1981,0,44,16,16,N Türk,E Balátová-Tuláčková,Austria_VINCA,Austria,611,0.4453,93.48964439234076,95.3875968992248,94.27903177903175,129.09,143.1,135.85,13,10,14,1,0
83702,10,32,-0.5051,0.9756,-1.2125,0.2812,-1.0344,0.6781,1.3563,AT,14.99819,14.99813,48.76712,48.76705,8.95,2024,1981,0,43,10,10,H Schwaiger,E Balátová-Tuláčková,Austria_VINCA,Austria,491.8,0.4405,91.80323353623268,92.11397898583829,94.42637854470436,182.89,176.45000000000002,144.2,25,25,15,0,0
83703,44,58,-0.12,0.6579,-0.3527,0.1332,-1.2857,0.6477,0.752,AT,14.58182,14.58361,48.58085,48.58197,181.44,2024,1981,0,43,16,16,H Schwaiger,E Balátová-Tuláčková,Austria_VINCA,Austria,775.5,0.4777,93.9363235161668,94.54940034266134,96.2017555665216,223.56,220.36,336.2,18,18,6,0,0
83704,18,35,-0.2888,0.8478,-0.4171,-0.0367,-1.4611,1.0913,1.0746,AT,14.84211,14.84205,48.65826,48.65833,8.95,2024,1977,0,47,16,16,H Schwaiger,E Balátová-Tuláčková,Austria_VINCA,Austria,625.8,0.4482,93.0721861101608,93.61552235301023,95.29156640822268,176.71,171.65,338.47,10,12,8,1,0
83706,24,35,-0.1639,0.8431,0.1497,0.0399,-1.3798,1.3869,1.458,AT,15.15512,15.15566,48.37328,48.37391,80.7,2024,1977,0,47,20,20,H Schwaiger,E Balátová-Tuláčková,Austria_VINCA,Austria,797.5,0.4597,95.26314716257824,95.35074035240262,94.8429046508165,246.78,196.92,303.95,21,14,14,0,0
83707,21,40,-0.2798,0.8679,-1.5312,-0.1,-0.45,0.45,1.1312,AT,15.01142,15.01119,48.39062,48.39116,62.47,2024,1977,2,47,20,18,H Schwaiger,E Balátová-Tuláčková,Austria_VINCA,Austria,948,0.4577,91.8141592920354,90.40247678018576,90.25371287128714,2.42,11.65,16.57,2,8,9,0,0
83708,25,37,-0.1703,0.8929,0.3514,0.0222,-1.5773,1.253,1.1838,AT,14.67651,14.67633,48.52332,48.52411,88.94,2024,1981,0,43,20,20,H Schwaiger,E Balátová-Tuláčková,Austria_VINCA,Austria,844.2,0.464,92.1019945934098,93.44602237024004,97.1979464670612,69.27,80.47,128.72,10,8,4,0,0
83710,30,40,-0.1249,0.5714,0.0917,-0.025,0.1125,-0.3042,-0.5083,AT,14.63513,14.63833,48.53185,48.53241,243.99,2024,1981,0,43,16,16,H Schwaiger,E Balátová-Tuláčková,Austria_VINCA,Austria,902.2,0.4638,92.84816424867752,93.5802149423799,96.77573670110984,192.32,194.47,315.34,16,15,5,1,0
83715,24,47,-0.2919,0.7544,0.1126,0.1396,-1.3573,0.8329,0.6578,AT,13.988889,13.98861,48.52175,48.51933,270.18,2025,1981,0,44,16,16,N Türk,E Balátová-Tuláčková,Austria_VINCA,Austria,562.7,0.5126,90.15440076180111,91.42692944795648,94.36601765399446,148.24,149.13,315.59000000000003,24,22,11,0,0
83716,3,46,-1.1856,1,-0.2464,0.442,-0.1884,1.913,3.7174,AT,14.96363,14.96525,48.79345,48.79394,130.73,2024,1981,0,43,16,16,H Schwaiger,E Balátová-Tuláčková,Austria_VINCA,Austria,467.9,0.4446,96.864102078884045,96.73785995112102,94.84937883995994,186.32,189.6,186.1,5,5,10,1,1
83718,33,35,-0.0256,0.5745,-0.0221,0.0594,-0.1103,0.1589,0.0748,AT,14.70035,14.70144,48.51297,48.51405,144.62,2024,1981,0,43,16,16,H Schwaiger,E Balátová-Tuláčková,Austria_VINCA,Austria,780,0.4602,92.23334365218588,93.67785473272954,94.86534313996572,146.58,141.97,182.18,18,12,12,1,0
83720,19,36,-0.2775,0.8298,-0.2226,0.2069,-0.5702,0.0365,0.1955,AT,14.68199,14.67933,48.55893,48.5605,262.59,2024,1981,0,43,16,16,H Schwaiger,E Balátová-Tuláčková,Austria_VINCA,Austria,934.9,0.4562,98.23056300268097,94.9637217242851,94.62978030919447,150.43,82.92,49.87,11,10,7,0,0
83721,20,31,-0.1903,0.8667,-0.3734,0.1919,0.479,-0.1766,0.2105,AT,14.80396,14.80422,48.57953,48.57986,41.43,2024,1975,0,49,16,16,H Schwaiger,E Balátová-Tuláčková,Austria_VINCA,Austria,891.4,0.4442,95.15862651713012,94.92859304917312,95.25357402089185,261.98,183.06,159.7,14,13,12,1,0
83730,16,21,-0.1181,0.8065,0.3237,0.2932,-1.1414,0.3735,0.2106,AT,16.431072,16.4313,48.530208,48.53066,53.05,2025,1977,0,48,16,16,N Türk,E Balátová-Tuláčková,Austria_VINCA,Austria,225,0.38,94.01660280970626,93.73991336108044,91.79219445395412,79.19000000000001,59.64,59.190000000000005,6,9,15,0,0
83736,12,15,-0.0969,0.8261,-0.1333,-0.2167,-0.5333,-0.3583,-1.1833,AT,15.09032,15.0897,48.72792,48.7277,51.7,2024,1981,0,43,14,14,H Schwaiger,E Balátová-Tuláčková,Austria_VINCA,Austria,562.7,0.4349,91.14695870948646,91.5912540048339,94.16215954015182,170.23000000000002,179.25,207.6,21,32,22,0,0
83745,22,21,0.0202,0.7714,-0.0584,0.21,-0.2706,0.2543,-0.3182,AT,15.164044,15.16688,48.573028,48.57125,287.77,2025,1981,0,44,10,10,N Türk,E Balátová-Tuláčková,Austria_VINCA,Austria,649.6,0.4482,94.72851871375858,93.99091999314716,93.332232133025,133.95000000000002,117.83,91.77,19,22,17,0,0
83746,35,15,0.368,0.75,0.1429,0.1905,-1.319,0.2714,-0.1476,AT,14.74604,14.7478,48.5366,48.53305,415.93,2024,1981,0,43,10,10,H Schwaiger,E Balátová-Tuláčková,Austria_VINCA,Austria,852.5,0.4522000000000001,93.516442981585,94.14735682145154,96.15759138879385,177.55,164.63,191.37,18,16,14,0,0
83747,8,14,-0.243,0.8421,0.0938,0.2411,-0.5,0.8304,0.4688,AT,14.69771,14.69866,48.45356,48.4528,109.9,2024,1981,0,43,10,10,H Schwaiger,E Balátová-Tuláčková,Austria_VINCA,Austria,801.1,0.4718,92.03344281875188,92.35086078391257,94.21785502666404,168.75,172.38,203.95,27,30,19,0,0
83752,10,11,-0.0414,0.7647,0.4477,0.1909,0.2705,-0.1318,-0.5932,AT,15.16853,15.16919,48.32492,48.32825,373.9,2024,1977,0,47,10,10,H Schwaiger,E Balátová-Tuláčková,Austria_VINCA,Austria,550,0.4719,93.59705726487734,94.1675871863658,92.61479675867974,161.67000000000002,159.69,153.03,34,29,25,1,0
83788,18,35,-0.2888,1,-0.2079,-0.4,1.2861,-0.9881,2.3754,AT,14.40364,14.40414,48.13026,48.13006,43.31,2024,1994,0,30,40,40,H Schwaiger,F Essl,Austria_VINCA,Austria,341.4,0.5696,94.91318555848656,95.0371819960861,91.53271151683536,128.13,128.89,76.46000000000001,6,10,27,0,0
83791,34,46,-0.1313,0.75,-0.0046,-0.1556,0.2263,-0.073,0.5797,AT,14.41553,14.41572,48.19673,48.19403,300.89,2024,1994,-4,30,46,50,H Schwaiger,F Essl,Austria_VINCA,Austria,293.9,0.5661999999999999,97.15040739925126,96.59378388146006,90.07794027498028,114.6,111.74,57.86,4,4,22,0,0
83796,27,40,-0.1707,0.7818,-0.14,-0.1042,0.5014,0.0144,1.0771,AT,14.44017,14.44214,48.17603,48.17611,146.51,2024,2000,0,24,40,40,H Schwaiger,F Essl,Austria_VINCA,Austria,282.1,0.5652999999999999,93.75799139834942,94.48190711368602,92.26301369863012,43.68,53.379999999999995,46.31,4,5,16,0,0
83798,24,19,0.1015,0.5172,0.011,0.0647,-0.1184,-0.2621,-0.1524,AT,14.39936,14.39936,48.13279,48.13381,113.55,2024,1994,0,30,60,60,H Schwaiger,F Essl,Austria_VINCA,Austria,309.7,0.5703,95.2346015442127,95.57875787578756,92.0619428720151,144.32,140.06,77.73,9,10,26,0,0
83799,20,32,-0.2041,0.814,0.1246,-0.1452,0.4073,-0.2927,1.2246,AT,14.40417,14.40472,48.14814,48.14867,71.76,2024,1994,-40,30,10,50,H Schwaiger,F Essl,Austria_VINCA,Austria,309.7,0.5703,96.22250557857824,96.43068121754813,93.1158733168974,158.11,162.09,79.99,7,4,25,0,0
83805,28,52,-0.2688,0.5714,-0.2019,-0.0495,0.3736,0.1442,0.5536,AT,14.39903,14.39917,48.12354,48.12303,57.72,2024,2000,0,24,50,50,H Schwaiger,F Essl,Austria_VINCA,Austria,330.3,0.5713,94.66824144767368,94.95271914774769,88.22732277462522,119.63,126.44,59.81,7,10,31,0,0
83881,30,43,-0.1563,0.7193,0.1312,0.0312,-0.1099,0.4194,0.4343,AT,14.61475,14.61576,48.469278,48.46936,75.1,2025,1992,-25,33,25,50,N Türk,G Pils,Austria_VINCA,Austria,730,0.4837,91.544322616614,92.19845823914682,94.75639424025248,162.71,173.85,305.93,24,25,15,0,0
83890,25,18,0.1427,0.8378,-0.2856,0.3978,-0.8511,1.0589,0.9567,AT,14.944139,14.94467,48.32725,48.32779,71.82,2025,1992,-20,33,30,50,N Türk,G Pils,Austria_VINCA,Austria,523.5,0.4866,92.64382451672648,93.11529315052404,94.25435245868682,174.10000000000002,171.62,125.48,15,17,14,0,0
83891,12,27,-0.3522,0.8529,-0.5972,0.162,-0.5602,0.4537,0.8333,AT,14.74735,14.74735,48.34679,48.34565,126.9,2024,1992,0,32,100,100,H Schwaiger,G Pils,Austria_VINCA,Austria,488,0.4968,92.89268910604416,92.9901269393512,94.2314306772582,111.58,143,307.03000000000003,15,16,20,0,0
83905,21,27,-0.1091,0.7692,0.0595,0.086,-0.287,0.8175,1.1746,AT,14.63017,14.63079,48.56592,48.56576,49.02,2024,1992,0,32,20,20,H Schwaiger,G Pils,Austria_VINCA,Austria,985.6,0.4603,93.7881059470265,94.14552081872984,95.4426133877789,101.06,179.67000000000002,207.15,15,15,12,0,0
83907,31,23,0.1296,0.5405,0.0305,0.041,-0.2139,-0.1739,-0.3903,AT,14.61752,14.61847,48.59124,48.59144,73.41,2024,1992,0,32,20,20,H Schwaiger,G Pils,Austria_VINCA,Austria,1009.3,0.4604,93.85537552003504,94.87704918032787,94.9296684369169,184.04,179.46,140.53,16,18,11,0,0
84353,20,34,-0.2304,0.7442,0.3346,0.0426,-0.5676,0.1147,-0.0699,AT,14.52891,14.52888,48.35619,48.35542,85.74,2024,1991,0,33,16,16,H Schwaiger,T Ellmauer,Austria_VINCA,Austria,424.4,0.5319,91.47138312065958,92.613920881322,92.583818734149,147.37,161.03,180.75,24,29,33,0,0
84371,14,35,-0.3979,0.7436,0.2179,0.0357,-0.4714,0.2071,-0.1536,AT,14.34307,14.3419,48.16051,48.16005,100.85,2024,1991,0,33,16,16,H Schwaiger,T Ellmauer,Austria_VINCA,Austria,322.9,0.5686,94.3187066974596,94.0097049472921,92.59219554030877,87.54,90.6,47.330000000000005,11,9,17,0,0
84423,27,41,-0.1814,0.6923,-0.1551,-0.3342,0.7489,-0.028,0.7017,AT,15.19682,15.19706,48.32046,48.32044,17.9,2024,1991,0,33,12,12,H Schwaiger,T Ellmauer,Austria_VINCA,Austria,517.2,0.4795,93.8653523489933,94.05147982586848,93.9553858821768,192.11,172.45000000000002,268.82,25,22,22,1,0
84475,23,43,-0.2717,0.6531,0.2437,0.0359,0.002,0.3059,0.5834,AT,14.61775,14.61496,48.485389,48.48513,207.87,2025,1991,0,34,16,16,N Türk,T Ellmauer,Austria_VINCA,Austria,839,0.4751,93.36153675873771,94.00334850378476,95.13336452971456,204.72,213.5,225.89,23,23,11,0,0
86677,27,20,0.1303,0.6176,0.2333,0.025,-0.4019,-0.525,-0.7954,AT,14.84981,14.84983,48.54026,48.53997,32.32,2024,2014,0,10,25,25,H Schwaiger,H Rötzer,Austria_VINCA,Austria,883,0.4474,94.14808707702564,93.47130267023284,95.12041842361336,286.73,229.59,248.22,9,11,7,1,0
86683,15,16,-0.028,0.3684,-0.1469,-0.0729,-0.0687,-0.1833,-0.076,AT,14.94625,14.946261,48.46249,48.462493,0.88,2024,2014,0,10,25,25,H Schwaiger,V Grass,Austria_VINCA,Austria,896.7,0.4514,93.2082714214958,93.29216354344123,95.11522886764052,162.8,165.65,237.38,16,16,18,1,0
86684,23,17,0.1313,0.6207,0.0934,-0.0051,0.0729,-0.5639,-0.5,AT,14.9299,14.92999,48.46799,48.467998,6.7,2024,2014,0,10,25,25,H Schwaiger,V Grass,Austria_VINCA,Austria,902.8,0.4523,92.6022232334395,92.50765566519225,94.8606881419411,155.08,148.17000000000002,265.97,19,19,16,0,0
88976,11,14,-0.1047,0.6111,-0.0097,0.2338,-0.4513,-0.4026,-0.8929,AT,13.53752,13.537526,48.4812,48.481208,0.99,2024,2007,0,17,100,100,H Schwaiger,R Kaiser,Austria_VINCA,Austria,542.1,0.4992,92.8133569930634,93.22628215631656,93.20369364475827,125.1,153.82,231.65,21,24,26,0,0
92341,32,45,-0.1481,0.7541,0.1023,0.0155,-0.4913,-0.4688,-0.4448,AT,14.1057483,14.106173,48.4611376,48.461289,35.59,2025,2012,0,13,25,25,J Pleyer,R Kaiser,Austria_VINCA,Austria,561.5,0.5226,91.31405233414064,92.3066864266411,94.27737711858,212.03,230.94,332.53,28,19,19,0,0
92346,31,36,-0.0649,0.8214,0.0722,0.5028,0.6986,1.1931,0.9588,AT,14.3561623,14.356719,48.4221983,48.423014,99.68,2025,2012,0,13,25,25,J Pleyer,R Kaiser,Austria_VINCA,Austria,702.2,0.5179,93.63629594698568,93.54487939897191,95.5198828089236,202.88,203.75,329.49,27,25,18,0,0
92525,25,48,-0.2833,0.7368,-0.449,0.2306,-0.1718,-0.1315,0.3471,AT,14.085685,14.085685,48.170722,48.170722,0.1,2025,2010,1,15,25,24,J Pleyer,R Kaiser,Austria_VINCA,Austria,307,0.5749,91.53763605702898,92.51386321626616,90.10257614908778,131.61,152.72,64.66,20,20,32,0,0
287659,15,12,0.0969,0.7727,0.325,0.2,-0.5583,-0.775,-1.5167,CZSK,14.4750782,14.474722,49.2935639,49.293333,36.46,2024,1980,0,44,6,6,W Friederike,E Hadač,Czechia_nvd,Czech Republic,403.9,0.4665,93.97966880994288,93.15906562847609,90.78060651441407,140.38,54.68,54.16,11,10,26,0,0
293796,20,25,-0.0969,0.8421,-0.3063,0.1417,0.1042,-0.475,-0.2479,CZSK,13.4831475,13.483217,49.0903028,49.090233,9.28,2024,2006,9,18,25,16,M Marek,M Hejda,Czechia_nvd,Czech Republic,843.9,0.4573,98.1126455133628,97.4425701318215,95.87589315685992,421.69,324.59,209.98,3,8,11,1,1
294070,15,15,0,0.7,0.3006,0.006,-0.3571,0.3155,-0.7292,CZSK,16.5585458,16.558611,49.05644,49.056939,55.75,2025,2007,0,18,4,4,Z Preislerová,H Lukšíková,Czechia_nvd,Czech Republic,206.5,0.4016,96.03888915627856,94.48157341989688,94.55366631243358,104.91,53.1,19.26,3,8,3,0,0
295955,55,47,0.0683,0.8391,0.0519,0.5777,-0.5401,0.5545,-0.4671,CZSK,16.9252707,16.923333,49.1967763,49.195833,175.77,2024,1975,0,49,16,16,V Sobotka,V Tlusták,Czechia_nvd,Czech Republic,282.5,0.4471,91.00467289719626,91.82910244786945,94.11306650054507,39.15,44.79,32.68,10,7,7,0,0
296353,30,26,0.0621,0.75,-0.0129,0.0623,1.0365,-0.616,-0.49370000000000003,CZSK,14.69666,14.696667,48.6003,48.600278,2.5,2025,2004,0,21,25,25,E Jagošová,D Blažková,Czechia_nvd,Czech Republic,905.4,0.4494,96.49432287510324,95.79944116733934,97.57428856899678,359.03,323.9,271.88,6,5,5,1,0
296802,39,31,0.0997,0.8103,0.1685,0.3026,-0.486,0.4826,-0.677,CZSK,16.9481811,16.957778,49.1461584,49.151389,909.58,2025,1991,0,34,20,20,V Kalusová,F Grüll,Czechia_nvd,Czech Republic,229.6,0.4432,97.3544267182876,96.18059429506488,93.49079541507469,226.22000000000003,135.61,72.83,5,6,14,1,1
296805,37,28,0.121,0.7692,0.2163,0.3075,-0.0377,0.1865,0.1905,CZSK,16.94799012,16.957778,49.1456919,49.151389,954.01,2025,1991,0,34,25,25,V Kalusová,F Grüll,Czechia_nvd,Czech Republic,229.6,0.4432,97.3544267182876,96.18059429506488,93.49079541507469,226.22000000000003,135.61,72.83,5,6,14,1,1
296830,32,24,0.1249,0.6905,0.036,0.0289,0.2137,-0.0524,0.0487,CZSK,16.9594974,16.957778,49.1527168,49.151389,193.7,2025,1992,0,33,20,20,V Kalusová,F Grüll,Czechia_nvd,Czech Republic,263.7,0.4474,97.3544267182876,96.18059429506488,93.49079541507469,226.22000000000003,135.61,72.83,5,6,14,0,0
296832,48,28,0.2341,0.7288,-0.0264,-0.065,0.1394,0.0555,0.2152,CZSK,16.95977356,16.957778,49.1529482,49.151389,226.36,2025,1992,0,33,20,20,V Kalusová,F Grüll,Czechia_nvd,Czech Republic,270.1,0.4474,97.3544267182876,96.18059429506488,93.49079541507469,226.22000000000003,135.61,72.83,5,6,14,0,0
296895,55,28,0.2932,0.7031,-0.0209,0.0594,0.0838,0.25,0.0771,CZSK,16.99916667,17.001111,49.00675,49.005833,174.87,2024,1985,0,39,50,50,Z Preislerová,F Grüll,Czechia_nvd,Czech Republic,238.7,0.4206,93.8737164081276,93.71798328390402,93.38235294117648,115.5,75.05,111.9,12,12,17,1,1
296925,58,27,0.3321,0.7826,-0.2269,-0.2169,0.5479,-0.3905,0.939,CZSK,16.6639211,16.664167,49.2255858,49.226667,121.68,2024,1988,0,36,25,25,V Kalusová,F Grüll,Czechia_nvd,Czech Republic,240.1,0.431,95.7234679716602,96.03413867776317,95.90889919865036,138.09,118.85,60.05,6,6,6,1,1
297052,31,29,0.029,0.8462,0.3743,0.6635,-0.604,0.6568,-0.3685,CZSK,16.0375323,16.035833,48.8123443,48.812778,133.6,2024,1984,0,40,20,20,J Pleyer,F Grüll,Czechia_nvd,Czech Republic,258.1,0.3907,92.45283018867924,93.5632183908046,90.32485875706216,7.970000000000001,6.79,21.71,5,3,7,1,1
300009,27,21,0.1091,0.8108,0.0054,-0.1537,0.1126,-0.4491,0.3166,CZSK,16.9349432,16.935264,48.9730437,48.974778,194.48,2025,1960,0,65,16,16,M Vymazalová,J Vicherek,Czechia_nvd,Czech Republic,174.9,0.4149,97.09285915890489,95.00116144018584,96.01399961112192,285.13,108.67,26.23,3,9,4,0,0
300023,42,13,0.5093,0.9811,-0.4564,-0.3846,-2.9775,-0.8396,0.0023,CZSK,16.8199445,16.821497,48.8690586,48.866844,271.48,2025,1960,0,65,16,16,V Kalusová,J Vicherek,Czechia_nvd,Czech Republic,166.2,0.4034,96.73579254653676,94.47640059884958,95.73973663826492,133.04,64.26,65.36,10,10,6,0,0
300024,17,12,0.1513,1,-0.1397,-0.4755,-3.1801,-1.1397,-0.326,CZSK,16.8255548,16.821497,48.8622562,48.866844,590.87,2025,1960,0,65,16,16,V Kalusová,J Vicherek,Czechia_nvd,Czech Republic,166.1,0.4041,96.73579254653676,94.47640059884958,95.73973663826492,133.04,64.26,65.36,10,10,6,0,0
300028,22,14,0.1963,1,-1.0341,-0.3701,-2.8068,-0.9513,0.4562,CZSK,16.8222681,16.821497,48.8657508,48.866844,134.16,2025,1960,0,65,16,16,V Kalusová,J Vicherek,Czechia_nvd,Czech Republic,166.7,0.4046,96.73579254653676,94.47640059884958,95.73973663826492,133.04,64.26,65.36,10,10,6,0,0
300055,26,16,0.2109,0.9211,-0.6269,-0.5963,-0.0862,-0.8125,1.41,CZSK,16.7015741,16.709417,48.9655486,48.957722,1042.91,2025,1960,0,65,16,16,M Vymazalová,J Vicherek,Czechia_nvd,Czech Republic,180.7,0.3994,93.56363043832492,92.45351364404732,91.0192023633678,62.16,42.06,34.440000000000005,5,4,6,0,0
300064,5,10,-0.301,0.7273,-0.075,0.05,-0.7,-0.5,0.75,CZSK,16.6808917,16.680731,48.9821113,48.981394,80.71,2025,1960,0,65,4,4,M Vymazalová,J Vicherek,Czechia_nvd,Czech Republic,176.8,0.4004,98.22416803994392,98.16959943407905,92.0952380952381,204.72000000000003,114.16,32.07,6,3,8,0,0
300940,52,29,0.2536,0.6935,-0.304,-0.096,-0.0297,0.2609,-0.1354,CZSK,16.96865,16.968333,48.97104,48.970778,37.25,2024,2002,0,22,16,16,V Sobotka,I Skácelová,Czechia_nvd,Czech Republic,245.9,0.4168,95.8947319948425,93.89264581572274,93.1306990881459,218.64,71.83,25.18,7,8,5,1,1
301838,35,13,0.4301,0.8,0.3797,-0.1429,-0.4868,0.3714,-0.9264,CZSK,13.6597442,13.66,49.189934,49.19,20.01,2024,2003,0,21,30,30,M Marek,I Matějková,Czechia_nvd,Czech Republic,648,0.4471,96.63605107262192,95.7622520947616,96.38945578231292,311.52,250.42,295.72,4,16,5,1,1
302788,24,20,0.0792,0.697,-0.0045,-0.1032,-0.068,-0.0417,-0.3174,CZSK,15.1564686,15.156414,49.1225222,49.122536,4.26,2024,2010,0,14,4,4,W Friederike,B Čepelová,Czechia_nvd,Czech Republic,563.5,0.4464,95.43987905864302,95.13256156802088,96.31119002854956,223.09,208.33,288.92,14,15,6,0,0
302790,16,20,-0.0969,0.7931,0.0304,-0.0312,-0.0789,-0.3766,-0.6571,CZSK,15.15312278,15.1532,49.12088278,49.120867,5.89,2025,2010,0,15,4,4,M Marek,B Čepelová,Czechia_nvd,Czech Republic,563.4,0.4464,95.43987905864302,95.13256156802088,96.31119002854956,223.09,208.33,288.92,14,15,6,0,0
307856,23,20,0.0607,0.5667,0.1967,-0.0207,-0.3663,-0.2973,-0.3571,CZSK,13.523574,13.523744,49.031599,49.031706,17.2,2024,2001,0,23,16,16,D Borovyk,E Ekrtová,Czechia_nvd,Czech Republic,1125.4,0.4505,97.50890864888268,97.76207689779822,96.93850195699964,151.37,153.39,94.23,8,9,6,1,1
307862,36,15,0.3802,0.6923,0.0403,0.2292,-0.1,0.7264,0.0056,CZSK,13.562314,13.562331,49.056957,49.056861,10.76,2024,2000,0,24,16,16,D Borovyk,E Ekrtová,Czechia_nvd,Czech Republic,1051.6,0.4504,98.15590481132774,98.209837077537,96.60319532336332,271.43,228.31,177.53,7,3,5,1,1
308116,25,21,0.0757,0.6765,0.0551,0.0714,-0.0119,-0.1875,-0.5164,CZSK,14.7138429,14.713892,49.2106005,49.210592,3.69,2024,2009,0,15,9,9,W Friederike,R Višňák,Czechia_nvd,Czech Republic,405.9,0.4665,97.40768403985936,97.24341619492984,96.69350201265094,276.13,265.73,192.68,9,10,7,0,0
312010,38,43,-0.0537,0.7377,-0.0853,-0.0091,1.065,0.0497,0.3446,CZSK,13.7763287,13.7775,48.9987193,48.997222,187.35,2024,1955,9,69,25,16,M Marek,J Moravec,Czechia_nvd,Czech Republic,889.7,0.4632,98.31396091454847,97.0813144418674,96.67652495378928,354.19000000000005,219.22,136.42000000000002,6,5,8,1,0
312012,26,47,-0.2571,0.8,0.0652,0.0305,-0.0815,0.8436,1.2454,CZSK,13.8805216,13.8825,48.9856841,48.986944,201.39,2024,1955,0,69,9,9,M Marek,J Moravec,Czechia_nvd,Czech Republic,843,0.463,96.28113734312744,96.30788082032764,95.92305136955277,370.86,311.89,166.86,11,13,12,1,0
312014,27,57,-0.3245,0.8649,-0.018,0.1257,-0.5599,0.5029,1.1067,CZSK,13.7798374,13.78,49.0667919,49.066667,18.27,2024,1956,0,68,25,25,M Marek,J Moravec,Czechia_nvd,Czech Republic,665.4,0.4647,95.48651332119807,94.2840696503094,96.07406297974312,243.28,175.04999999999998,268.71,22,18,16,0,0
312015,31,64,-0.3148,0.8026,0.0169,-0.0179,-1.1409,0.5595,0.7034,CZSK,13.81507,13.811389,49.08162,49.079444,361.54,2024,1956,0,68,25,25,P Keil,J Moravec,Czechia_nvd,Czech Republic,634.1,0.4643,96.38724766125064,95.73082150053892,97.71765872822928,245.29,214.86,516.44,8,14,8,0,0
312023,30,40,-0.1249,0.5918,0.2631,0.1388,-0.7297,0.4379,-0.0416,CZSK,13.66412,13.663611,49.04846,49.047778,84.52,2024,1959,0,65,15,15,P Keil,J Moravec,Czechia_nvd,Czech Republic,988.5,0.4574,97.86946041164472,98.34123222748816,98.4742790335152,271.3,295.01,258.21,3,1,3,1,0
312239,27,20,0.1303,0.8205,-0.6067,-0.1238,-1.3704,-0.616,0.0288,CZSK,16.9399853,16.939556,48.9644455,48.964694,41.83,2025,2015,0,10,16,16,M Vymazalová,P Novák,Czechia_nvd,Czech Republic,174.8,0.4166,97.50965326260774,96.48508323718475,95.9323943661972,258,122.45,45.05,5,7,5,0,0
312545,24,15,0.2041,0.6071,-0.2125,-0.1333,0.4958,0.05,0.0667,CZSK,15.307819,15.307889,49.222342,49.222361,5.51,2025,2005,0,20,20,20,P Keil,E Ekrtová,Czechia_nvd,Czech Republic,682.9,0.4324,94.63207389550564,95.25875805937584,93.65521734409498,210.94,205.39,139.32999999999998,18,14,22,1,1
313667,35,32,0.0389,0.5652,-0.0053,0.0627,-0.0747,0.3392,0.0525,CZSK,16.635564,16.635556,48.865587,48.865528,6.59,2024,2015,0,9,1,1,D Borovyk,D Hlisnikovský,Czechia_nvd,Czech Republic,412.1,0.3663,96.49895905621096,97.13601945937464,93.75027546388117,145.31,128.58,114.52,13,6,25,1,1
315127,15,33,-0.3424,0.825,0.1677,0.3208,0.4292,0.0844,0.0885,CZSK,14.0058265,14.005833,48.7165187,48.716667,16.52,2025,2005,0,20,16,16,M Marek,Z Urbanová,Czechia_nvd,Czech Republic,767.8,0.4886,97.50400936791996,97.3738596439432,96.83294844859618,394.82,340.56,289.67,6,6,6,1,1
316787,33,35,-0.0256,0.6122,0.158,-0.1022,-0.0801,-0.0519,0.1394,CZSK,16.1017189,16.098889,49.2807792,49.282222,260.82,2024,2003,0,21,16,16,M Vymazalová,J Urbánková,Czechia_nvd,Czech Republic,403.4,0.4144,93.28132170720517,93.06346623270952,92.44264507422402,164.71,99.32,108.49,14,11,21,0,0
316882,27,37,-0.1368,0.9508,0.0778,0.2311,-0.7826,-0.1812,-0.2465,CZSK,14.2528573,14.252667,48.9308266,48.931306,55.15,2024,2006,0,18,16,16,W Friederike,M Lepší,Czechia_nvd,Czech Republic,557.7,0.4532,94.38094616071234,94.88239255114124,93.53485370051636,231.19,216.81,93.93,16,17,13,1,0
317351,3,28,-0.97,0.9643,-0.1795,0.3718,1.4872,1.0256,2.2051,CZSK,14.18212,14.180556,49.12500083,49.124444,129.71,2025,1947,5,78,20,15,M Marek,S Hejný,Czechia_nvd,Czech Republic,425.5,0.452,92.897679853113,92.886915549112,93.22791886280147,120.92,111.42,94.89,22,21,17,0,0
317356,7,18,-0.4102,0.9565,-0.1534,-0.0042,-0.416,0.6723,1.729,CZSK,14.17731,14.177222,49.10641,49.106111,33.9,2025,1947,0,78,50,50,E Jagošová,S Hejný,Czechia_nvd,Czech Republic,462.3,0.4458,93.722897256451,94.94990181763254,93.1543624161074,117.54,100.31,60.379999999999995,18,11,17,0,0
317677,19,16,0.0746,0.9394,0.3125,0.1595,-2.6365,0.4276,0.1661,CZSK,14.0901515,14.090833,49.1252396,49.123333,217.97,2024,1949,-75,75,25,100,M Marek,S Hejný,Czechia_nvd,Czech Republic,417.3,0.4517,96.7981072555205,96.61409671873832,94.45320799665195,255.2,202.11,156.57000000000002,7,7,22,0,0
318485,23,14,0.21560000000000001,0.9394,0.4586,-0.0974,-2.4948,0.3287,-0.1005,CZSK,14.5856687,14.585833,49.3366325,49.336667,12.52,2024,2001,0,23,25,25,W Friederike,J Douda,Czechia_nvd,Czech Republic,493.8,0.4573,92.59071043805264,92.25400301081154,95.54252955006602,99.39,73.93,156.5,20,19,19,0,0
318862,8,4,0.301,0.5,-0.0625,-0.1875,0.4375,-0.6875,-1.625,CZSK,14.5153,14.514722,49.31401,49.315,117.92,2025,2001,0,24,20,20,P Keil,J Douda,Czechia_nvd,Czech Republic,407.2,0.4652,93.2615579480684,93.50228756490002,91.83191291874104,119.52,98.26,60.03,15,9,14,0,0
319103,12,10,0.0792,0.8947,-0.8727,0.2455,-0.0545,1.4364,0.6409,CZSK,14.438611,14.438611,49.273056,49.273056,0.1,2024,2002,0,22,15,15,W Friederike,J Douda,Czechia_nvd,Czech Republic,403.7,0.4629,95.33687580897882,95.29455353834754,93.54151359294636,148.01,136.12,68.88,11,10,16,0,0
320535,25,45,-0.2553,0.5417,-0.0889,0.0444,0.2733,-0.1733,-0.21560000000000001,CZSK,15.294883,15.29475,49.251087,49.251167,13.14,2025,2004,0,21,16,16,P Keil,K Merunková,Czechia_nvd,Czech Republic,656.4,0.4368,96.17647058823528,96.27428621551688,95.23254703466718,248.08,229.53,263.4,9,10,14,0,0
320587,32,27,0.0738,0.6512,-0.1328,0.1663,-0.2531,-0.1855,-0.4942,CZSK,15.5011177,15.490389,49.185963,49.192111,1038.11,2025,2004,0,21,16,16,M Vymazalová,K Merunková,Czechia_nvd,Czech Republic,539.9,0.4347,94.61932251388735,92.58386401243544,93.40673813976768,231.05,100.72,191.2,9,12,23,0,0
321145,22,22,0,0.5806,-0.0568,-0.0227,0,-0.0682,-0.1477,CZSK,14.74159917,14.740194,49.05947972,49.05875,130.79,2025,2005,0,20,16,16,M Marek,J Navrátilová,Czechia_nvd,Czech Republic,426.2,0.4526,95.50981988399307,94.80743025173922,95.75852198803018,197.95,210.6,174.26000000000002,21,18,13,1,1
321521,36,17,0.3259,0.9574,-0.0538,0.3125,-2.4085,0.7013,-0.3203,CZSK,14.4410955,14.440833,49.1888037,49.189167,44.72,2024,1982,0,42,25,25,W Friederike,D Blažková,Czechia_nvd,Czech Republic,375.1,0.4610999999999999,94.34420223484156,92.85762919588753,92.67384916748286,110.23,74.3,51.77,8,20,14,0,0
321924,5,17,-0.5315,0.8421,0.3471,0.1882,0.3588,0.1,-0.1471,CZSK,17.345277,17.345278,48.980147,48.98025,11.47,2025,2005,0,20,16,16,Z Preislerová,V Kalusová,Czechia_nvd,Czech Republic,169.7,0.4641,97.9716683942036,98.51957295373666,96.09095554420033,247.59000000000003,247.45,118.51,3,3,14,1,0
322194,25,10,0.3979,0.75,-0.205,-0.07,0.09,0.05,0.175,CZSK,16.0956272,16.093167,48.78238,48.782556,181.52,2025,2007,0,18,4,4,M Vymazalová,K Žáková,Czechia_nvd,Czech Republic,216.5,0.3785,94.87481359390942,95.24659674179873,93.71428571428572,64.51,68.04,1.89,5,5,2,0,0
322225,22,14,0.1963,0.875,0.0146,0.2273,-0.7662,-0.0714,-1.2062,CZSK,16.0529108,16.053139,48.9947832,48.994306,55.68,2025,2007,0,18,4,4,M Vymazalová,K Žáková,Czechia_nvd,Czech Republic,365.8,0.3951,94.44940398046526,95.01478469783774,89.93917891535732,96.2,109.27,20.18,11,11,11,0,0
322934,40,20,0.301,0.8679,-0.5938,-0.3188,-0.5125,-0.425,-0.0875,CZSK,16.5304646,16.542222,48.8229311,48.825833,920.25,2025,2004,0,21,16,16,Z Preislerová,J Novák,Czechia_nvd,Czech Republic,179.7,0.361,96,95.46652030735456,92.48942535850614,134.79,46.23,49.17,8,4,7,1,1
323281,66,63,0.0202,0.4568,-0.1154,-0.175,0.2846,-0.3321,0.2548,CZSK,17.32777778,17.32775,48.86291667,48.862861,6.52,2024,2012,0,12,25,25,Z Preislerová,I Jongepierová,Czechia_nvd,Czech Republic,320.5,0.4663,96.35366931918657,95.32879818594104,96.44000143838326,142.57,44.77,140.23000000000002,11,5,4,1,1
323366,53,48,0.043,0.4687,0.0226,0.0298,-0.0444,0.1311,-0.1332,CZSK,17.437576,17.4376,48.8730783,48.873067,2.16,2025,2013,0,12,25,25,Z Preislerová,I Jongepierová,Czechia_nvd,Czech Republic,401.4,0.4648,98.45090155251556,97.65423700863684,96.7054813973303,441.07,244.13,265.71000000000004,3,10,16,1,0
323526,18,10,0.2553,0.8333,-0.0187,0.0685,-0.1076,0.1922,0.0922,CZSK,15.9656136,15.963889,48.8831526,48.883889,150.53,2025,2002,0,23,1,1,M Vymazalová,D Simonová,Czechia_nvd,Czech Republic,366.8,0.39669999999999994,94.26558497011102,93.84648955321586,90.8289241622575,118.19,92.62,20.3,8,10,8,0,0
324682,26,21,0.0928,0.907,-0.2253,-0.1694,-2.0531,-0.1703,0.1758,CZSK,16.8081471,16.809917,48.8534749,48.852944,142.48,2025,1960,0,65,16,16,V Kalusová,J Vicherek,Czechia_nvd,Czech Republic,162.3,0.4016,98.909002255135,99.12463434092722,92.3105566933532,247.68,227.13,27.380000000000003,4,1,8,1,0
325179,31,22,0.1489,0.3939,0.0114,0.0942,0.0924,-0.2713,0.055,CZSK,16.25922222,16.259194,49.10475,49.10475,2.06,2024,2014,0,10,16,16,Z Preislerová,V Sedláček,Czechia_nvd,Czech Republic,388.8,0.3816,94.77052334026934,94.44042575178256,93.27998116982464,128.49,97.76,85.9,14,15,15,1,1
325294,41,30,0.1357,0.4318,-0.0928,-0.027,0.233,-0.1569,0.2896,CZSK,16.9607798,16.960694,49.1518723,49.151917,7.99,2025,2018,0,7,16,16,V Kalusová,V Sedláček,Czechia_nvd,Czech Republic,249.5,0.4474,97.3544267182876,96.18059429506488,93.49079541507469,226.22000000000003,135.61,72.83,5,6,14,0,0
329567,22,21,0.0202,0.4643,-0.1526,-0.0471,0.0514,0.2495,0.0985,CZSK,15.434602,15.431944,49.062561,49.063611,226.38,2025,2000,5,25,20,15,P Keil,K Boublík,Czechia_nvd,Czech Republic,469.8,0.4439,95.2606345619446,95.24603280437393,93.81898454746135,165.02,151.21,105.22,10,12,13,1,1
329581,37,24,0.188,0.6889,0.2757,-0.1486,-0.474,0.3182,0.1262,CZSK,15.13811083,15.1375,49.11447278,49.114444,44.62,2025,2000,0,25,16,16,M Marek,K Boublík,Czechia_nvd,Czech Republic,544.1,0.4445,96.23916225650264,96.89160533865537,95.65265273533218,178.96,201.85,182.96,15,14,7,0,0
329790,12,35,-0.4649,0.7949,-0.5357,0.0958,0.2732,-0.728,-0.1976,CZSK,16.2471642,16.246389,49.0973039,49.096944,69.27,2024,2002,0,22,18,18,M Vymazalová,K Boublík,Czechia_nvd,Czech Republic,302.7,0.3828,95.83025830258303,95.55650868539568,93.65221642764016,150.28,117.66,62.150000000000006,8,11,10,1,1
329890,16,16,0,0.8889,-0.7,0.1167,0.4833,1,1.1333,AT,14.84361,14.8425,48.74484,48.745278,94.95,2024,2002,0,22,6,6,H Schwaiger,K Boublík,Czechia_nvd,Austria,623.9,0.4437,92.6602319283383,93.64218827008378,95.31256903026288,145.22,143.23,227.86,26,18,7,1,0
329986,33,21,0.1963,0.5833,-0.2274,0.0532,-0.1532,-0.0718,-0.4718,CZSK,14.23752,14.237222,48.76389,48.765833,217.4,2025,2003,0,22,40,40,P Keil,K Boublík,Czechia_nvd,Czech Republic,784.3,0.4721999999999999,95.16050368005676,94.88900496213112,96.88459335203656,227.05,192.84,342.26000000000005,21,12,8,1,1
330150,12,13,-0.0348,0.85,0.1894,0.0189,-0.6136,0.2045,0.2386,CZSK,14.76259,14.761944,49.07058417,49.071111,75.23,2025,2004,0,21,15,15,M Marek,K Boublík,Czechia_nvd,Czech Republic,424.4,0.4552,97.65432727396168,95.32157640265748,96.30436473974947,296.31,144.95000000000002,194.19,7,15,14,1,1
330181,5,5,0,0.3333,0,0,-0.6,-0.2,0,CZSK,14.95100806,14.951111,48.82159389,48.8225,101.15,2025,2004,1,21,3,2,M Marek,K Boublík,Czechia_nvd,Czech Republic,465,0.4426,96.39374195958004,95.12004989086374,96.16715662560937,121.59,97.2,135.53,7,10,16,1,0
330197,15,8,0.273,0.7895,-0.4896,-0.1896,1.2167,0.4833,0.7479,CZSK,14.89726,14.895278,48.89869,48.898889,146.73,2025,2004,0,21,6,6,P Keil,K Boublík,Czechia_nvd,Czech Republic,445.5,0.4536,96.44673237491368,96.46036103485568,94.52664561211547,240.49,241.98,202.49,15,15,18,1,0
330591,25,40,-0.2041,0.9333,0.3667,0.3458,-2.0208,0.8708,0.9688,CZSK,15.05415,15.054167,49.15553,49.155278,28.08,2024,2006,0,18,25,25,W Friederike,K Boublík,Czechia_nvd,Czech Republic,480,0.4557,94.09833502696787,93.76959943198628,94.40372484229498,193.29,170.32,167.75,18,18,21,0,0
330610,12,16,-0.1249,0.9231,-1.1198,-0.026,0.3229,0.6458,0.9427,CZSK,14.45187,14.451944,49.07471,49.074722,5.56,2025,2006,0,19,25,25,E Jagošová,K Boublík,Czechia_nvd,Czech Republic,457.3,0.4543,95.36898859095942,93.86699829820655,94.43738447319778,104.89,77.27000000000001,87.5,13,13,19,1,0
330761,25,22,0.0555,0.7297,-0.3082,-0.2068,0.6377,-0.1486,0.3336,CZSK,13.8703191,13.870833,49.1398676,49.139722,40.78,2024,2008,0,16,25,25,M Marek,K Boublík,Czechia_nvd,Czech Republic,619.7,0.4546,94.06684685872504,92.20739842328685,95.73768513770324,152.93,116.51,333.34000000000003,14,22,13,0,0
330936,38,35,0.0357,0.5306,-0.0456,-0.0295,-0.4857,0.1054,0.0475,CZSK,15.0538315,15.05385,49.1973206,49.197253,7.64,2024,2015,0,9,25,25,W Friederike,K Boublík,Czechia_nvd,Czech Republic,477.1,0.4509,92.62793526054824,92.77855571114225,92.08613966678485,161.61,151.20000000000002,113.91,22,21,22,0,0
331744,31,36,-0.0649,0.8214,0.375,0.3972,-1.0111,0.1611,-0.5833,CZSK,16.2018264,16.203333,49.1017153,49.099444,275.66,2025,1993,0,32,25,25,V Kalusová,M Chytrý,Czechia_nvd,Czech Republic,349.7,0.3854,95.96044857108404,95.02201799731957,91.85511102015758,125.52,79.24000000000001,49.57,11,4,16,0,0
331769,17,26,-0.1845,0.8056,-0.19,0.0747,0.1505,-0.0781,0.5735,CZSK,16.31897222,16.319167,49.05197222,49.051389,66.46,2024,1966,0,58,2,2,Z Preislerová,M Chytrý,Czechia_nvd,Czech Republic,274.5,0.3788,96.6582770564928,96.9191083422564,88.73239436619718,202.07,206.9,18.18,9,6,10,1,1
331797,28,25,0.0492,0.8222,-0.2593,-0.2871,0.8507,0.2843,0.9843,CZSK,16.2746553,16.2775,49.0969589,49.095556,259.58,2024,1967,0,57,16,16,M Vymazalová,M Chytrý,Czechia_nvd,Czech Republic,256.1,0.3844,95.67158625821656,96.24374173130302,93.17936679144724,203,194.14,79.7,9,5,9,0,0
331811,5,5,0,0.5714,0.6,0.1,-0.6,-0.6,-0.7,CZSK,16.24147,16.237778,49.10247,49.099167,455.64,2025,1993,-4,32,12,16,Z Preislerová,M Chytrý,Czechia_nvd,Czech Republic,349.7,0.3839999999999999,95.83025830258303,95.55650868539568,93.65221642764016,150.28,117.66,62.150000000000006,8,11,10,1,1
331815,25,18,0.1427,0.7353,-0.215,-0.0328,0.9733,-0.07,1.3628,CZSK,16.19683333,16.200833,49.09641667,49.0975,315.49,2024,1967,0,57,9,9,Z Preislerová,M Chytrý,Czechia_nvd,Czech Republic,318.4,0.386,95.96044857108404,95.02201799731957,91.85511102015758,125.52,79.24000000000001,49.57,11,4,16,1,0
331860,27,27,0,0.7143,-0.2222,-0.4352,0.4815,-0.6481,0.3796,CZSK,16.19155556,16.1925,49.10522222,49.104444,110.65,2024,1967,0,57,16,16,Z Preislerová,M Chytrý,Czechia_nvd,Czech Republic,338.8,0.3891,97.13070265512688,96.16714066943776,94.9564469297774,171.74,115.35,93.96,10,6,11,1,1
331862,26,32,-0.0902,0.5854,0.0343,-0.1851,0.1334,0.095,0.1082,CZSK,16.18913,16.185833,49.10749,49.106944,247.84,2025,1993,0,32,25,25,M Vymazalová,M Chytrý,Czechia_nvd,Czech Republic,371.1,0.3915,97.13070265512688,96.16714066943776,94.9564469297774,171.74,115.35,93.96,10,6,11,0,0
331882,30,26,0.0621,0.75,0.1827,0.0789,-0.1466,-0.1379,0.0756,CZSK,16.31972222,16.319444,49.04763889,49.048333,79.89,2024,1966,0,58,16,16,Z Preislerová,M Chytrý,Czechia_nvd,Czech Republic,303.1,0.377,96.9343467977128,96.72533179457588,87.98701298701299,219.22,209.41,14.24,8,7,10,1,1
331891,28,23,0.0854,0.6579,0.1603,0.0512,0.1312,-0.0776,0.2438,CZSK,16.32619444,16.318611,49.06327778,49.064444,568.16,2024,1966,0,58,16,16,Z Preislerová,M Chytrý,Czechia_nvd,Czech Republic,240,0.3803,95.82818987767926,96.4719250595865,90.21942734814024,179.56,181.76,37.99,13,9,14,1,1
332249,52,37,0.1478,0.4915,-0.0917,-0.1701,0.1412,-0.3187,0.28,CZSK,16.84975,16.84975,48.95527778,48.95525,3.09,2024,1996,0,28,25,25,Z Preislerová,M Chytrý,Czechia_nvd,Czech Republic,252.9,0.4053,95.8661221237175,93.80108991825612,92.78637770897834,50.91,29.91,16.560000000000002,6,7,5,1,0
332431,34,41,-0.0813,0.7288,0.0115,0.0258,-0.0981,0.2609,-0.3571,AT,15.8749501,15.875,48.8597112,48.859722,3.85,2024,1993,0,31,25,25,J Pleyer,M Chytrý,Czechia_nvd,Austria,286.7,0.4119,93.5217679977236,92.32411278128612,92.23865713810868,53.45,56.97,30.64,13,5,7,1,1
332439,19,17,0.0483,0.56,-0.2717,0.0077,-0.0248,-0.4628,-0.4822,AT,15.8855,15.886111,48.826778,48.826389,62.29,2025,1993,0,32,25,25,N Türk,M Chytrý,Czechia_nvd,Austria,356.6,0.4095,94.12470781477036,93.5351462288353,90.69902630431623,80.04,59.239999999999995,35,7,4,9,1,0
332455,29,31,-0.029,0.7234,0.1365,0.1435,-0.782,0.0462,0.5804,AT,15.9090339,15.906944,48.7942552,48.794444,154.69,2024,1993,0,31,25,25,J Pleyer,M Chytrý,Czechia_nvd,Austria,410.1,0.4016,92.0460933108488,92.32084563967044,93.97436462141567,72.01,65.14,114.59,10,8,16,1,0
332468,34,26,0.1165,0.75,0.1086,0.1403,-0.4299,-0.1923,-0.4208,AT,15.8025691,15.802778,48.8249768,48.825,15.53,2024,1993,0,31,25,25,J Pleyer,M Chytrý,Czechia_nvd,Austria,393,0.4154,91.9165804894864,89.53095684803002,88.36819003356571,58.79,54.04,39.36,9,13,16,0,0
332488,50,29,0.2366,0.6552,-0.2695,-0.1093,0.1772,-0.1599,0.3695,AT,15.8488304,15.848611,48.8431659,48.843056,20.2,2024,1992,0,32,25,25,V Sobotka,M Chytrý,Czechia_nvd,Austria,378.6,0.415,90.15669515669516,90.85487077534792,90.19607843137256,35.7,40.88,8.97,14,10,6,1,1
332489,41,38,0.033,0.6552,-0.1984,-0.0447,0.2645,-0.0921,0.4533,AT,15.8442977,15.844444,48.841622,48.841389,28.06,2024,1992,0,32,25,25,V Sobotka,M Chytrý,Czechia_nvd,Austria,365.5,0.415,90.49342987396084,91.10204081632654,89.88119623105285,37.91,49.71,12.56,10,7,4,1,1
332492,33,31,0.0272,0.6809,-0.1452,0.2258,-0.0645,-0.2258,0.0645,AT,15.848833,15.847222,48.8364833,48.836389,118.51,2024,1992,0,32,25,25,V Sobotka,M Chytrý,Czechia_nvd,Austria,368.6,0.4135,90.61091248251203,90.76030352626098,90.8244316625582,32.74,34.19,18.69,11,7,9,1,0
332499,25,25,0,0.6486,0.03,-0.14,-0.04,-0.22,0.27,AT,15.892111,15.891389,48.843611,48.842778,106.75,2025,1992,0,33,20,20,N Türk,M Chytrý,Czechia_nvd,Austria,284.4,0.4076,94.12470781477036,93.5351462288353,90.69902630431623,80.04,59.239999999999995,35,7,4,9,1,1
332507,35,19,0.2653,0.6053,0.2895,-0.1242,-0.1691,0.0561,-0.101,AT,15.8138283,15.814444,48.8146164,48.813333,149.83,2024,1994,0,30,25,25,V Sobotka,M Chytrý,Czechia_nvd,Austria,408.6,0.4145,93.21182548794488,92.53663003663004,91.2443642921551,70.52000000000001,77.32,56.2,9,14,20,0,0
332533,28,27,0.0158,0.6585,-0.0483,0.0149,0.337,-0.0704,0.5532,AT,15.8225967,15.823611,48.8232467,48.823611,84.68,2024,1992,0,32,25,25,V Sobotka,M Chytrý,Czechia_nvd,Austria,418.1,0.4171,92.59965062728284,91.38249217684346,90.96474703982776,63.77,63.11,75.19,8,10,20,1,0
332558,8,19,-0.3757,1,-0.5263,-0.0329,0.102,-0.9638,-0.75,CZSK,15.7692072,15.767222,48.9374547,48.935833,231.65,2024,1994,0,30,8,8,M Vymazalová,L Tichý,Czechia_nvd,Czech Republic,379.7,0.4265,92.26656025538708,93.91525423728814,92.578125,63.45,89.45,6.66,15,12,4,0,0
332569,38,40,-0.0223,0.5385,-0.0028,0.0465,0.0215,-0.0035,0.4167,AT,15.630906,15.63,48.873995,48.875278,157.48,2024,1985,0,39,20,20,D Borovyk,L Tichý,Czechia_nvd,Austria,409.7,0.4371,94.7021175726928,95.91567355558908,92.72834762045522,127.69,133.74,85.5,7,7,24,1,1
332584,22,22,0,0.8108,0.2045,0.2727,-0.3864,0.4318,-0.4773,AT,15.581607,15.581508,48.8464019,48.846467,10.25,2024,1993,0,31,16,16,V Sobotka,L Tichý,Czechia_nvd,Austria,393.4,0.4379,92.73504273504274,93.28716299777392,91.90751445086704,103.98,102.09,75.26,13,11,17,1,1
332585,28,24,0.0669,0.7,0.0595,-0.131,0.0685,0.4256,0.0685,AT,15.631071,15.630803,48.874004,48.873961,20.2,2024,1993,0,31,16,16,D Borovyk,L Tichý,Czechia_nvd,Austria,409.7,0.4371,94.77206669726174,96.01596570330402,92.5720422409164,131.89,136.46,84.73,8,6,26,1,1
332627,16,11,0.1627,0.9167,0.8,0.6182,-0.6424,2.1061,-0.2758,AT,15.850454,15.850417,48.8416186,48.841472,16.54,2024,1992,0,32,6,6,V Sobotka,M Chytrý,Czechia_nvd,Austria,391.9,0.4101,90.09391093607998,90.99307159353349,90.38112522686026,33.59,37.42,11.36,13,9,5,1,1
332631,39,30,0.1139,0.7115,-0.5331,-0.0119,0.3468,-0.0419,0.4664,CZSK,16.3240637,16.324417,49.1215708,49.122028,57.03,2025,1987,0,38,49,49,V Kalusová,M Chytrý,Czechia_nvd,Czech Republic,271.7,0.3919,91.95543540591464,91.89455878206935,93.45425231761386,123.18,71.79,62.82,19,14,14,0,0
332652,27,15,0.2553,0.5185,0.4267,0.16,-0.4,0.7,0.22,AT,15.940522,15.941306,48.761603,48.761583,57.57,2024,1992,0,32,25,25,D Borovyk,M Chytrý,Czechia_nvd,Austria,318.1,0.398,94.1108411431216,94.66172636201456,92.5279054497702,130.79,183.53,115.3,16,7,17,1,1
332672,27,17,0.2009,0.625,-0.0496,-0.1879,0.3671,-0.2298,0.1716,CZSK,16.3593399,16.359361,48.9837182,48.983833,12.87,2025,1988,0,37,9,9,V Kalusová,M Chytrý,Czechia_nvd,Czech Republic,266,0.3724,96.52384801940178,96.42772651999054,93.14009661835748,31.49,21.6,5.41,3,2,2,1,1
332705,42,19,0.3445,0.8235,-0.2659,-0.0595,0.5675,0.7976,0.8254,CZSK,16.5202227,16.519972,49.2331646,49.232833,41.17,2024,1987,0,37,16,16,V Kalusová,M Chytrý,Czechia_nvd,Czech Republic,244.6,0.4257,95.40743388134382,96.0818956557888,93.33224914620264,141.09,97.21,62.28,14,8,13,0,0
332725,45,29,0.1908,0.7241,-0.1366,-0.0707,0.5999,-0.1144,1.1681,CZSK,16.0982733,16.098611,48.9380773,48.938083,24.7,2025,1987,0,38,36,36,V Kalusová,M Chytrý,Czechia_nvd,Czech Republic,295.1,0.3859,94.71107729963948,95.01518866888702,92.22830933876926,152.4,137.79,39.88,10,9,10,0,0
332848,28,30,-0.03,0.766,0.0089,0.1518,0.0631,0.4655,0.2173,CZSK,15.9828393,15.983694,48.8227441,48.822333,77.58,2024,1990,0,34,36,36,J Pleyer,M Chytrý,Czechia_nvd,Czech Republic,367.9,0.3955,98.43915459042314,96.06509452348467,93.73675535672238,346.55,258.16,43.13,2,7,8,1,1
332854,35,27,0.1127,0.6136,-0.0091,-0.1901,0.1753,-0.3148,0.0904,AT,15.970222,15.970222,48.791694,48.791694,0.1,2024,1991,0,33,25,25,J Pleyer,M Chytrý,Czechia_nvd,Austria,324.5,0.3946,94.40564958377718,95.00427715996578,88.5030198446937,127.87,147.34,47.05,17,10,20,1,0
332860,43,32,0.1283,0.5962,0.032,-0.1098,0.1197,-0.1002,0.226,AT,15.942016,15.9425,48.753669,48.753944,46.89,2024,1982,0,42,20,20,D Borovyk,M Chytrý,Czechia_nvd,Austria,295.2,0.4001,94.04932950191572,94.74127237285133,92.61517916759404,84.44,113.93,113.39,10,10,23,1,1
332983,36,38,-0.0235,0.6038,-0.2222,-0.0793,0.4167,0.1974,0.6272,CZSK,17.2219489,17.216667,48.9037903,48.901389,469.94,2024,1971,0,53,16,16,M Vymazalová,M Chytrý,Czechia_nvd,Czech Republic,183,0.4542000000000001,98.4606706361642,98.92974568878748,95.08354280644684,400.88,150.26,68.46000000000001,7,2,7,1,1
332984,35,29,0.0817,0.6875,0.0847,0.0408,0.2931,0.0538,0.2982,CZSK,17.1419759,17.141667,48.8917078,48.890278,160.76,2024,1971,0,53,16,16,V Kalusová,M Chytrý,Czechia_nvd,Czech Republic,211,0.4399,99.15583181781167,99.42739429489194,98.21140087699054,185.57,144.41,87.6,2,1,3,1,1
333382,22,23,-0.0193,0.75,-0.3251,-0.0766,0.2134,-0.0958,0.2905,CZSK,16.1723611,16.175,49.09725,49.098889,265.11,2025,1995,0,30,25,25,Z Preislerová,M Chytrý,Czechia_nvd,Czech Republic,373.2,0.3869,97.13070265512688,96.16714066943776,94.9564469297774,171.74,115.35,93.96,10,6,11,1,1
333432,71,35,0.3072,0.6184,0.2786,0.0786,-0.0857,0.1536,-0.0429,CZSK,16.518687,16.518583,48.798308,48.798528,25.65,2024,1997,0,27,25,25,D Borovyk,M Chytrý,Czechia_nvd,Czech Republic,251.8,0.35209999999999997,95.54883318928262,93.82219989954795,94.77401129943502,46.97,10.28,21.71,4,1,5,1,0
333448,35,31,0.0527,0.8,0.1293,0.0332,-0.0853,0.0041,0.1578,CZSK,16.6590758,16.660278,48.811848,48.808889,340.98,2024,1997,0,27,20,20,V Kalusová,M Chytrý,Czechia_nvd,Czech Republic,263.5,0.3737,96.67776213032904,95.59938128383604,92.62135922330096,79,65.46,49.63,6,5,11,1,0
333591,25,35,-0.1461,0.525,-0.0074,-0.0859,0.1979,-0.2153,-0.0662,CZSK,14.09316,14.0925,48.94933,48.949167,51.55,2024,2001,0,23,16,16,P Keil,M Chytrý,Czechia_nvd,Czech Republic,662.6,0.4549,96.43092418275776,96.21089582544654,96.91665601976068,343.4,292.28000000000003,354.1,11,9,12,1,0
333617,41,24,0.2326,0.6087,-0.0042,-0.2625,0.3458,-0.1458,0.3708,CZSK,17.1419051,17.141667,48.8876176,48.888611,111.95,2024,2002,0,22,16,16,V Kalusová,M Chytrý,Czechia_nvd,Czech Republic,207.4,0.443,99.09501068573388,99.37244296512031,97.7394759450172,190.89,145.42000000000002,94.09,2,1,4,1,1
334171,62,49,0.1022,0.7442,-0.3584,-0.0636,0.6267,0.1237,0.533,CZSK,17.3356368,17.333333,48.8419792,48.844444,322.14,2025,1971,0,54,16,16,Z Preislerová,V Tlusták,Czechia_nvd,Czech Republic,295.8,0.4643,94.01009348887234,94.04362416107382,90.29098242581388,61.22,18.31,17.78,4,3,9,1,0
334234,60,80,-0.1249,0.6699,-0.1624,-0.3396,0.4179,-0.3745,0.2241,CZSK,17.4156917,17.416667,48.8581817,48.858333,73.39,2024,1971,0,53,16,16,V Sobotka,V Tlusták,Czechia_nvd,Czech Republic,420,0.4663,99.72095025959078,99.56073532398943,97.27519423069776,606.3000000000001,593.2,405.53,1,1,8,1,1
334239,59,75,-0.1042,0.6316,0.0321,-0.16,0.12,-0.1527,0.3912,CZSK,17.432825,17.425,48.8261017,48.825,586.44,2024,1970,0,54,16,16,V Sobotka,V Tlusták,Czechia_nvd,Slovak Republic,587.5,0.4604,98.63614436696926,97.67580898288618,98.03129378794956,229.55,202.14,215.57,3,5,3,1,1
334586,27,33,-0.0872,0.75,0.17,0.0589,-0.4966,0.0168,-0.2306,CZSK,15.8828273,15.883056,48.8868553,48.887222,44.12,2024,1989,5,35,25,20,J Pleyer,E Balátová-Tuláčková,Czechia_nvd,Czech Republic,411.1,0.4084,93.74307862679956,92.05443079986723,92.17860647693816,118.48,76.2,51.67,11,7,14,1,1
334604,41,47,-0.0593,0.7246,0.02,0.1495,0.1702,0.2322,0.452,CZSK,15.7825558,15.7825,48.9699939,48.971944,217.12,2024,1987,0,37,16,16,M Vymazalová,E Balátová-Tuláčková,Czechia_nvd,Czech Republic,429.6,0.4279,94.00327208658445,92.3507609809952,91.77074041034793,80.36,64.21,22.9,14,13,6,1,1
334885,28,47,-0.2249,0.6111,0.1102,-0.1847,0.5543,0.1584,0.7185,CZSK,13.9114333,13.910556,49.0161224,49.016389,70.59,2024,1957,0,67,25,25,M Marek,J Moravec,Czechia_nvd,Czech Republic,657.5,0.4663,95.5385932632576,94.90436467812606,97.91623684753456,276.13,238.91,462.62,17,19,4,0,0
334886,28,42,-0.1761,0.6923,0.0273,0.0813,0.2267,0.5226,0.3683,CZSK,13.8099179,13.808889,49.0835481,49.083333,78.75,2024,1957,0,67,25,25,M Marek,J Moravec,Czechia_nvd,Czech Republic,582.9,0.4605,96.73521850899743,95.68607311265698,97.43797138595347,254.45,215.66,478.18,9,16,13,0,0
334898,57,51,0.0483,0.493,-0.0387,-0.0261,-0.0692,-0.0805,-0.299,CZSK,13.764066,13.765,49.001072,49.001667,95.08,2024,1957,0,67,25,25,D Borovyk,J Moravec,Czechia_nvd,Czech Republic,957.9,0.4614,97.78694725259612,96.74116181280176,97.3830686288795,365.44,258.45,172.89,7,6,8,1,0
334903,35,34,0.0126,0.4667,0.1116,0.0137,0.1008,-0.0479,-0.1929,CZSK,13.556453,13.556111,49.059511,49.059722,34.26,2024,1957,0,67,25,25,D Borovyk,J Moravec,Czechia_nvd,Czech Republic,1066.8,0.44609999999999994,98.313116426709,98.22888283378748,96.34736640978282,222.02,203.28,158.27,6,4,5,1,1
334910,30,48,-0.2041,0.6316,0.3677,0.1208,-0.4625,-0.0458,-0.4927,CZSK,13.79574,13.795833,49.08977,49.089722,8.63,2024,1956,0,68,25,25,M Marek,J Moravec,Czechia_nvd,Czech Republic,582,0.4634,96.01396981522068,95.30558557823684,95.769937138847,282.29,246.76,336.7,15,15,14,0,0
334919,16,54,-0.5283,0.8136,0.1516,0.0706,0.3171,0.3553,0.7118,CZSK,13.75694,13.755278,49.0659,49.066944,167.93,2024,1956,0,68,25,25,M Marek,J Moravec,Czechia_nvd,Czech Republic,793.1,0.4629,96.20522498519834,95.62693822814516,96.86592570341443,271.89,240.17,351.42,17,18,9,0,0
334920,34,50,-0.1675,0.7971,0.2311,0.0848,-0.9891,0.5579,0.475,CZSK,13.800674,13.800556,48.9440281,48.944167,17.71,2024,1956,0,68,25,25,M Marek,J Moravec,Czechia_nvd,Czech Republic,831.1,0.4698,98.23640846764494,98.55402135643808,98.17991399419222,334.39,346.96,316.88000000000005,1,2,5,1,0
334922,22,54,-0.39,0.8281,0.1396,0.1587,-0.5026,0.7037,0.9239,CZSK,13.8658201,13.863056,49.0210616,49.021944,224.42,2024,1957,0,67,25,25,M Marek,J Moravec,Czechia_nvd,Czech Republic,863.3,0.4563,96.39719323073297,96.0742996777278,96.40934861134367,341.03,284.06,210.47000000000003,11,7,13,1,0
334934,22,46,-0.3203,0.8644,0.0864,0.1066,-1.4943,1.1884,1.4912,CZSK,13.877945,13.878056,49.0488559,49.048889,8.9,2024,1959,0,65,12,12,M Marek,J Moravec,Czechia_nvd,Czech Republic,800,0.4578,96.96485182632668,96.84777419739828,97.32299317698818,364.66,337,404.33,9,13,6,0,0
334948,11,57,-0.7145,0.9032,-0.3876,0.0582,1.2895,-0.4234,0.7731,CZSK,13.9095812,13.911944,49.0050084,49.002778,302.36,2024,1957,-2,67,16,18,M Marek,J Moravec,Czechia_nvd,Czech Republic,613.3,0.4689,96.22247594193442,95.96701432747484,97.8290480967214,308.31,278.76,475.71,11,15,5,1,0
334952,39,49,-0.0991,0.7917,0.1586,0.0647,-0.9804,1.0118,1.3081,CZSK,13.8233859,13.823056,49.0268592,49.026667,32.21,2024,1957,0,67,25,25,M Marek,J Moravec,Czechia_nvd,Czech Republic,904.8,0.4571,97.488259392486,96.08859458842332,97.93857021874292,402.33,220.46,243.63,5,10,6,1,0
334953,35,54,-0.1883,0.8082,-0.1204,0.2037,-0.3241,0.7256,1.2976,CZSK,13.7655602,13.763333,49.0609612,49.061667,180.46,2024,1956,0,68,25,25,M Marek,J Moravec,Czechia_nvd,Czech Republic,746,0.4616,95.55758869574056,95.24051613527972,96.52289906625168,247.5,207.98,282.81,14,14,12,0,0
334954,32,57,-0.2507,0.6032,0.0734,0.0183,0.7058,-0.2203,-0.093,CZSK,13.8776223,13.877222,49.061603,49.0625,104.03,2024,1956,0,68,25,25,M Marek,J Moravec,Czechia_nvd,Czech Republic,861.3,0.452,97.25306406067506,97.0362352456059,96.84868463998956,340.04,292.73,308.14,10,13,9,1,1
334964,40,52,-0.1139,0.6765,-0.0073,0.0273,0.0729,0.3899,0.937,CZSK,13.69871,13.700278,49.06679,49.068611,232.75,2024,1957,0,67,25,25,M Marek,J Moravec,Czechia_nvd,Czech Republic,848.5,0.4608,97.6965907676994,97.02579383555263,97.12094872955016,323.28000000000003,270.12,211.42,4,1,7,1,0
334973,30,51,-0.2304,0.7538,-0.2912,0.0098,0.4314,0.3549,1.2275,CZSK,13.8087731,13.809167,49.0541825,49.054167,28.79,2024,1957,0,67,25,25,M Marek,J Moravec,Czechia_nvd,Czech Republic,652.9,0.4694,96.80010791205169,95.77381088432264,96.16261866600912,335.44,220.24,326.25,5,5,10,0,0
335082,57,30,0.2788,0.7015,-0.1702,-0.2882,0.2083,-0.0719,0.1846,CZSK,16.92222222,16.921111,48.99344444,48.992778,109.96,2024,1992,0,32,25,25,Z Preislerová,M Chytrý,Czechia_nvd,Czech Republic,214.3,0.4174,97.12446694033716,95.5355090783728,95.9990828843288,252.5,87.96000000000001,88.17,4,10,7,1,1
335484,28,29,-0.0152,0.9636,0.6382,0.072,-2.1232,0.3541,-0.6623,CZSK,15.1327157,15.129167,49.0070682,49.006944,259.5,2024,1978,9,46,25,16,M Marek,E Balátová-Tuláčková,Czechia_nvd,Czech Republic,608.3,0.4414,93.7155834862956,93.27174283442504,95.63285426647226,161.99,133.21,217.52,24,20,20,0,0
335573,34,35,-0.0126,0.5532,-0.0195,0.0494,-0.6147,-0.0424,-0.1104,CZSK,13.571636,13.568056,49.031986,49.038889,811.64,2024,1977,0,47,16,16,D Borovyk,E Balátová-Tuláčková,Czechia_nvd,Czech Republic,1056.9,0.4499,98.56637536412818,97.06007871402151,96.7288635535081,241.86,106.48,152.10000000000002,3,5,7,1,1
335577,23,40,-0.2403,0.8727,0.271,0.2182,-0.9909,1.1125,1.1517,CZSK,13.954029,13.952778,48.8326431,48.833333,119.59,2024,1982,0,42,16,16,W Friederike,E Balátová-Tuláčková,Czechia_nvd,Czech Republic,740.6,0.4769000000000001,98.10121694230833,96.22966084307876,98.59812055723056,455.32,318.6,456.53,2,6,3,1,0
335584,20,24,-0.0792,0.8056,-0.2928,0.2829,-0.0789,0.5735,0.5033,CZSK,14.102011,14.103611,48.6403378,48.640278,117.88,2025,1978,0,47,14,14,M Marek,E Balátová-Tuláčková,Czechia_nvd,Czech Republic,965.9,0.4846,96.07207027350768,96.94345389709628,95.45940690325718,302.28000000000003,286.33000000000004,52.150000000000006,7,11,4,1,0
335816,33,30,0.0414,0.8519,0.0818,0.1344,-1.2073,0.1562,0.3682,CZSK,14.74213,14.740278,48.77294,48.772222,157.64,2025,1975,0,50,18,18,E Jagošová,E Balátová-Tuláčková,Czechia_nvd,Czech Republic,536,0.4508,93.256640246478,93.68591890360142,95.88199265006124,202.66,195.49,246.47000000000003,27,26,18,0,0
335817,9,10,-0.0458,0.5385,0.0389,-0.0167,-0.0944,0.1333,0.3833,CZSK,14.642150000000001,14.641667,48.65547,48.655556,36.79,2025,1978,0,47,6,6,E Jagošová,E Balátová-Tuláčková,Czechia_nvd,Czech Republic,765.5,0.4585,95.23560685236517,95.5661568682475,97.19416386083051,221.56000000000003,215.28,237.66000000000005,7,7,8,1,0
335841,22,41,-0.2704,0.8113,-0.102,0.2445,0.1081,0.6048,1.0848,CZSK,14.48562,14.486111,48.65611,48.655556,71.46,2025,1978,0,47,16,16,E Jagošová,E Balátová-Tuláčková,Czechia_nvd,Czech Republic,612.1,0.4826,92.93750569372324,93.83750205887196,97.55441461616188,221.03,213.96,368.09,20,20,12,0,0
335858,31,43,-0.1421,0.9104,-0.1855,0.2314,-1.0771,0.7868,1.0328,CZSK,14.63713,14.6375,48.71727,48.718056,91.62,2025,1978,0,47,12,12,E Jagošová,E Balátová-Tuláčková,Czechia_nvd,Czech Republic,696.2,0.4526,95.23324546689032,96.28949676682372,96.55362897038516,251.97000000000003,246.69,164.21,15,11,10,0,0
335866,18,44,-0.3882,0.8302,-0.1622,0.2285,-0.7033,-0.0657,0.1446,CZSK,14.67521,14.675,48.75046,48.751389,104.56,2025,1978,0,47,16,16,E Jagošová,E Balátová-Tuláčková,Czechia_nvd,Czech Republic,576.5,0.4553,93.46299445876996,93.92911899988206,96.95432898304372,183.63,170.89,357.81,22,19,11,0,0
338161,28,27,0.0158,0.9216,-0.0235,0.0833,-3.0542,0.3644,-1.005,CZSK,14.31441,14.314444,49.08389,49.083889,2.48,2025,1960,0,65,25,25,E Jagošová,D Blažková,Czechia_nvd,Czech Republic,386.9,0.453,98.97637213621636,99.01310682841364,98.86837012497128,475.99,453.04,459.4500000000001,5,4,3,1,0
338169,38,32,0.0746,0.8475,0.0311,0.0052,-1.6481,0.0552,-0.197,CZSK,14.2990767,14.299444,49.0238979,49.024167,40.2,2024,1965,0,59,25,25,W Friederike,D Blažková,Czechia_nvd,Czech Republic,417.4,0.4509,95.70111287758344,94.2054352832796,96.11195080002084,158.51,109.6,96.92,9,9,9,0,0
338202,16,38,-0.3757,0.8696,-0.3938,0.1748,1.0695,0.1861,0.6438,CZSK,14.11514,14.114444,49.13699,49.138056,129.04,2025,1964,0,61,20,20,E Jagošová,D Blažková,Czechia_nvd,Czech Republic,425.6,0.45109999999999995,96.36009099772504,96.70829769033362,95.4274459704035,155.10000000000002,147.34,189.24,11,9,19,0,0
338218,32,41,-0.1076,0.6226,-0.0421,0.0934,-0.3594,0.3224,0.036,CZSK,14.297235,14.296389,49.09187667,49.092222,72.67,2025,1962,0,63,25,25,M Marek,D Blažková,Czechia_nvd,Czech Republic,389.5,0.4521,97.55516344387244,98.19198620938482,97.31406790178175,276.53000000000003,251.03,227.13,13,9,12,1,0
338222,19,46,-0.384,0.6939,0.0827,-0.0483,-0.0048,0.2778,0.3025,CZSK,14.49258,14.494167,49.00988,49.010833,157.11,2024,1964,0,60,20,20,P Keil,D Blažková,Czechia_nvd,Czech Republic,392.3,0.4536,94.68377328152218,94.07455523077478,94.61338802191815,150.49,139.74,157.29,12,16,16,0,0
338232,22,37,-0.2258,0.9464,-1.4994,0.1026,0.6542,0.2856,1.4244,CZSK,14.4192,14.419167,49.06338,49.063333,5.76,2025,1963,0,62,25,25,E Jagošová,D Blažková,Czechia_nvd,Czech Republic,429.4,0.453,95.10195274571151,95.72618376082556,94.94642064548854,140.22,151.92,79.75,18,18,15,0,0
338244,30,36,-0.0792,0.75,-0.0271,0.0242,-0.3669,1.1135,1.142,CZSK,14.78495,14.784722,48.99561,48.996111,58.2,2024,1963,0,61,25,25,P Keil,D Blažková,Czechia_nvd,Czech Republic,437.2,0.4538,97.88606607127372,98.4881572316479,97.67536009545724,290.03000000000003,269.53,236.2,9,5,10,1,0
338247,32,38,-0.0746,0.5106,-0.0522,-0.0271,0.2426,0.3109,0.5695,CZSK,14.86364,14.864444,48.96365,48.9625,140.86,2024,1963,0,61,16,16,P Keil,D Blažková,Czechia_nvd,Czech Republic,438.2,0.4526,97.6962457337884,97.58994224211918,96.37408514586126,230.06000000000003,217.03,195.42,3,6,5,1,0
338287,20,30,-0.1761,0.9792,0.364,0.7816,-3.2026,1.2912,0.7447,CZSK,14.7062378,14.706944,49.1785507,49.178611,51.83,2024,1964,0,60,25,25,W Friederike,D Blažková,Czechia_nvd,Czech Republic,408.8,0.4644,96.4484210526316,96.1367673179396,96.05102944432146,239.05,215.41,182.03,18,16,13,1,0
338305,17,27,-0.2009,0.8718,0.0403,-0.0076,-1.1656,0.7222,0.5741,CZSK,14.86335333,14.860556,48.97817389,48.983611,638.83,2025,1964,-22,61,3,25,M Marek,D Blažková,Czechia_nvd,Czech Republic,439.6,0.4525,97.23990278902905,97.3956774232174,95.45573530181666,174.14,168.32999999999998,96.49,7,6,4,1,0
338309,23,25,-0.0362,0.7368,0.0761,0.1648,-0.8878,0.5513,0.497,CZSK,14.86399,14.861667,48.9537,48.952222,236.45,2024,1963,0,61,25,25,P Keil,D Blažková,Czechia_nvd,Czech Republic,455.5,0.4516,97.8297161936561,97.2874728058822,96.91252144082333,187.06,182.92,170.38,2,6,5,1,0
338320,32,43,-0.1283,0.8636,0.0561,0.1919,-1.0396,0.5316,0.8123,CZSK,14.44297,14.443333,49.01492,49.015,27.96,2025,1964,0,61,25,25,E Jagošová,D Blažková,Czechia_nvd,Czech Republic,377.1,0.453,95.76176089771256,95.94213789216607,95.40393948044532,233.23,241.09,123.72,10,5,12,0,0
338321,23,32,-0.1434,0.9,-0.1145,0.3132,-0.7092,0.4001,0.266,CZSK,14.44046,14.438056,49.01615,49.015,217.24,2025,1965,0,60,25,25,E Jagošová,D Blažková,Czechia_nvd,Czech Republic,376.5,0.454,95.76176089771256,95.94213789216607,95.40393948044532,233.23,241.09,123.72,10,5,12,0,0
338329,17,41,-0.3823,0.6818,-0.2213,0.0617,0.1923,0.0717,-0.0556,CZSK,14.38892,14.388889,49.00891,49.008889,3.25,2025,1963,0,62,25,25,E Jagošová,D Blažková,Czechia_nvd,Czech Republic,385,0.4544,96.42402932595198,97.14816512654716,97.2399956620757,201.93,208.68,278.3,9,6,10,1,0
338332,17,55,-0.5099,0.9091,-0.2075,0.169,0.0217,0.1968,1.7615,CZSK,14.33281,14.333333,49.07117,49.070833,53.5,2025,1965,0,60,25,25,E Jagošová,D Blažková,Czechia_nvd,Czech Republic,385.2,0.4522000000000001,97.94134490761672,97.80022092472778,98.04037175528696,333.6,318.64,324.06,3,4,5,1,0
338342,14,49,-0.5441,0.8947,-0.0383,0.0398,-0.251,0.4456,1.358,CZSK,14.2600846,14.258056,49.0439677,49.041111,350.77,2024,1965,0,59,25,25,W Friederike,D Blažková,Czechia_nvd,Czech Republic,419.8,0.4522000000000001,94.3611972646762,94.3328987396784,94.59271130931644,134.97,116.13,72.61,13,11,14,0,0
338363,16,40,-0.3979,0.8571,-0.0656,0.2687,0.2875,0.4813,1.0656,CZSK,14.35601,14.356667,49.05629,49.056389,49.18,2025,1962,0,63,25,25,E Jagošová,D Blažková,Czechia_nvd,Czech Republic,383.4,0.4515,93.0746804216192,93.15315315315316,92.49234889058914,112.54,84.17,53.010000000000005,16,10,12,0,0
338368,21,39,-0.2688,0.7234,-0.163,0.1575,-0.9707,0.5696,0.8755,CZSK,14.64449,14.645278,49.10339,49.104167,103.82,2025,1965,0,60,20,20,E Jagošová,D Blažková,Czechia_nvd,Czech Republic,427,0.4576,98.32648687265582,98.60147421918649,97.95772566022862,281.63,279.11,204.39,4,5,7,1,0
338386,31,52,-0.2246,0.7031,-0.1205,0.1622,-0.2047,0.4104,0.1416,CZSK,14.33588306,14.336389,49.08371194,49.086389,300.28,2025,1965,0,60,25,25,M Marek,D Blažková,Czechia_nvd,Czech Republic,384.7,0.4546,98.43209289357584,98.42291371994342,98.47604636709988,306.62,284.49,372.02,6,7,5,1,0
338394,31,46,-0.1714,0.8333,-0.3746,-0.0175,1.1048,0.0428,0.5138,CZSK,14.63884667,14.638889,49.04510361,49.045,11.94,2025,1963,0,62,30,30,M Marek,D Blažková,Czechia_nvd,Czech Republic,446.2,0.452,94.915789806300765,92.96083264858945,94.94867439627797,159.5,92.24,136.58,15,20,12,0,0
338397,16,35,-0.3399,0.7857,0.154,0.2295,-0.6473,0.6268,0.821,CZSK,14.78784139,14.785278,48.94014389,48.938333,275.26,2025,1965,-17,60,3,20,M Marek,D Blažková,Czechia_nvd,Czech Republic,448.2,0.4491,97.5995061841293,97.83247699844664,98.21506949524506,220.19,210.68,206.49,7,2,2,1,0
341618,7,4,0.243,0.75,-0.2917,-0.3333,-0.2917,-0.5625,1.4583,CZSK,16.6811898,16.680731,48.9819604,48.981394,71.41,2025,1965,0,60,4,4,M Vymazalová,J Vicherek,Czechia_nvd,Czech Republic,176.4,0.4004,98.22416803994392,98.16959943407905,92.0952380952381,204.72000000000003,114.16,32.07,6,3,8,1,1
341629,18,12,0.1761,0.9643,-0.277,0.1029,-1.7365,-0.9975,1.3113,CZSK,16.7514622,16.751333,48.906839,48.907,20.26,2025,1963,0,62,16,16,M Vymazalová,J Vicherek,Czechia_nvd,Czech Republic,172.2,0.3982,96.70751198721364,95.81206739844788,91.63153005073966,189.08,72.37,70.81,3,7,14,0,0
341632,18,10,0.2553,1,-1.0444,-1.2167,-0.9139,-1.4389,1.1083,CZSK,16.7092683,16.709417,48.959916,48.957722,244.48,2025,1960,0,65,16,16,V Kalusová,J Vicherek,Czechia_nvd,Czech Republic,185.4,0.3985,93.56363043832492,92.45351364404732,91.0192023633678,62.16,42.06,34.440000000000005,5,4,6,0,0
342013,28,12,0.368,0.9474,-0.1667,-0.128,0.0536,0.2024,0.0149,CZSK,16.650921,16.649167,48.86688,48.866944,128.64,2024,1965,0,59,10,10,D Borovyk,J Šmarda,Czechia_nvd,Czech Republic,500.8,0.3705,96.1537266598316,96.67039832436532,94.3014102984585,162.21,139.64,123.07,13,6,19,1,1
342025,41,25,0.2148,0.7255,-0.2438,-0.4475,0.2662,-0.4413,0.5112,CZSK,16.656195,16.654167,48.872105,48.8725,154.86,2024,1961,0,63,100,100,D Borovyk,J Šmarda,Czechia_nvd,Czech Republic,473.8,0.3705,94.91396623785484,95.45287187039764,94.279626290772,93.08,82.39,92.48,12,8,16,1,1
342028,60,24,0.3979,0.7463,0.0562,-0.0583,0.1125,-0.3583,0.325,CZSK,16.645874,16.649444,48.862741,48.868056,646.85,2024,1961,0,63,100,100,D Borovyk,J Šmarda,Czechia_nvd,Czech Republic,397.4,0.3698,96.08775496819048,96.53793906462256,94.19260957756416,153.71,129.97,114.46,12,6,20,1,1
342290,29,38,-0.1174,0.8246,-0.052,0.3662,-0.7214,0.6266,1.0193,CZSK,16.0527967,16.044722,49.2342203,49.236111,623.52,2024,1967,0,57,10,10,M Vymazalová,E Balátová-Tuláčková,Czechia_nvd,Czech Republic,462.8,0.4127,91.5706129484003,91.6175422685755,93.41410548546656,93.8,78.07000000000001,90.92,23,19,21,0,0
342300,33,40,-0.0835,0.8769,0.0487,0.3841,-0.4,0.6178,1.243,CZSK,15.8002364,15.806111,49.2093425,49.205833,578.93,2024,1967,0,57,16,16,M Vymazalová,E Balátová-Tuláčková,Czechia_nvd,Czech Republic,466.2,0.4212,93.9620292561469,94.14847161572052,93.20630267497252,129.66,86.81,69.06,11,13,12,0,0
344254,9,23,-0.4075,1,-1.413,0.3424,-0.4185,2.3261,3.3641,CZSK,15.56309,15.5625,49.346174,49.345833,57.2,2025,1960,0,65,6,6,P Keil,K Rybníček,Czechia_nvd,Czech Republic,567.4,0.4319,94.07226691283134,93.91764535305204,94.336185044359965,152.9,139.12,127.37,9,9,15,0,0
345500,31,13,0.3774,0.6667,-0.2068,-0.027,-0.2242,-0.2782,-0.4328,CZSK,13.508845,13.511111,49.050832,49.054167,406.39,2024,1976,0,48,8,8,D Borovyk,M Šandová,Czechia_nvd,Czech Republic,920.5,0.4538,97.20628850647972,95.4763936930057,92.6334170031649,189.66,112.37,46.5,6,9,11,1,1
349955,35,33,0.0256,0.7636,0.0413,-0.3803,0.3327,-0.4418,0.1786,CZSK,16.6743,16.673611,49.22036,49.216667,414.14,2024,1974,0,50,8,8,workshop_team,J Unar,Czechia_nvd,Czech Republic,404.1,0.4264,95.08464575863478,95.48907510376694,95.04811330954698,111.22,64.65,93.46,8,6,10,1,1
349993,47,49,-0.0181,0.5079,-0.1823,-0.2163,0.3105,-0.0582,0.4977,CZSK,16.7142383,16.715278,49.2268433,49.229167,269.49,2024,1974,0,50,25,25,V Sobotka,J Unar,Czechia_nvd,Czech Republic,328.9,0.4258,92.91826497491886,90.71696094168004,96.34146341463416,34.48,19.13,43.3,7,5,4,1,1
350006,43,39,0.0424,0.7344,0.4744,-0.0916,0.0714,-0.2701,0.2834,CZSK,16.6774257,16.675,49.2173353,49.216667,191.43,2024,1975,0,49,36,36,V Kalusová,J Unar,Czechia_nvd,Czech Republic,382.9,0.4219,95.12953367875647,95.57215743440231,94.97418433483466,102.34,55.63,91.99,8,6,11,1,1
350883,13,5,0.415,0.875,0.0615,-0.1462,-0.4,0.3308,-0.9769,CZSK,14.3249582,14.323889,48.8881452,48.887778,88.29,2024,1995,0,29,2,2,W Friederike,A Vydrová,Czechia_nvd,Czech Republic,511.1,0.4584,94.27620632279536,93.68334440963322,94.65857279185664,211.81,159.26,190,21,17,20,1,0
353903,38,36,0.0235,0.7414,-0.2322,-0.4572,0.5439,-0.2151,0.6693,CZSK,16.6759,16.675,49.19024,49.190278,65.61,2024,1967,0,57,16,16,workshop_team,J Unar,Czechia_nvd,Czech Republic,304.8,0.4263,94.02705692163704,94.38796680497926,96.75724365710852,59.54,48.900000000000006,33.89,8,7,2,1,1
354053,43,17,0.403,0.82,0.048,-0.2728,0.2216,0.1022,-0.0168,CZSK,17.01941667,17.018056,49.12841667,49.129167,129.62,2024,1957,0,67,10,10,Z Preislerová,F Grüll,Czechia_nvd,Czech Republic,241.6,0.4443,96.08811947395796,95.47862945955494,89.88561107766407,135.76,100.09,25.42,6,8,10,1,1
354825,20,16,0.0969,0.6923,-0.0139,0.0417,-0.2778,0.4236,0.0694,CZSK,15.552343,15.551389,49.340078,49.340278,72.69,2025,1962,0,63,25,25,P Keil,K Rybníček,Czechia_nvd,Czech Republic,568.8,0.4286,94.5031712473573,93.99226401119247,94.66284074605451,152.6,122.62,105.58,7,10,13,1,1
354846,50,12,0.6198,0.8704,0.0374,0.0254,0.0073,-0.2881,-0.723,CZSK,13.514731,13.512778,49.14203,49.143611,226.28,2024,1967,0,57,100,100,D Borovyk,J Sofron,Czechia_nvd,Czech Republic,564.1,0.457,96.3172119800479,95.14209312080536,94.1925484714034,229.06,192.11,165.82,9,13,21,1,0
356080,10,28,-0.4472,0.9722,-0.3185,0.3909,0.379,0.246,1.5565,CZSK,14.35121056,14.3525,49.07241167,49.071389,147.66,2025,1961,0,64,20,20,M Marek,D Blažková,Czechia_nvd,Czech Republic,382.7,0.4513,96.962198139773,96.42899040379156,97.53015192725076,235.92,214.57,183.35,12,15,9,1,1
358075,16,25,-0.1938,0.7576,-0.1006,-0.0287,0.0425,0.2562,0.2956,CZSK,14.262545,14.266111,49.12921583,49.126667,384.68,2025,1991,0,34,25,25,M Marek,A Albrechtová,Czechia_nvd,Czech Republic,396,0.4509,95.3304497465234,97.31417244796828,96.41778276793114,108.55,203.23,188.41,10,7,9,1,1
358440,35,24,0.1639,0.619,0.0672,-0.0568,0.1629,0.1383,0.0795,CZSK,16.755403,16.755278,49.1919857,49.191944,10.21,2024,1976,0,48,10,10,V Sobotka,F Grüll,Czechia_nvd,Czech Republic,248.7,0.4322,94.46150892685736,96.15204129516658,91.99747383616022,52.82,107.59,56.17,7,8,20,1,1
358624,46,26,0.2478,0.7797,-0.0113,-0.0251,0.092,0.0343,0.4611,CZSK,16.55236,16.552222,49.233306,49.233056,29.58,2024,1989,0,35,35,35,V Kalusová,F Grüll,Czechia_nvd,Czech Republic,290.7,0.425,96.155097025982,96.7541881443299,94.80782198246796,139.55,125.28,75.02,12,8,10,0,0
360172,39,17,0.3606,0.8333,-0.2332,0.1823,0.3037,-0.0617,1.0172,CZSK,16.640875,16.638889,48.845697,48.845833,146.28,2024,1966,0,58,4,4,D Borovyk,J Unar,Czechia_nvd,Czech Republic,422,0.3681,96.33286738244654,97.23770907247848,92.3080808080808,169.42,178.91000000000005,100,7,3,24,1,1
360192,12,5,0.3802,0.7857,-0.825,-0.1042,0.8917,-0.4917,1.2375,CZSK,16.63425,16.635278,48.839989,48.840833,120.42,2024,1966,0,58,2,2,D Borovyk,J Unar,Czechia_nvd,Czech Republic,395.4,0.3673,96.01990049751244,97.1489862293267,92.1006399799222,146.94000000000003,145.72,80.59,8,6,22,1,1
360200,33,22,0.1761,0.8,-0.3618,-0.3226,0.4297,-0.4082,0.5718,CZSK,16.640156,16.638889,48.841701,48.840278,183.6,2024,1966,0,58,9,9,D Borovyk,J Unar,Czechia_nvd,Czech Republic,430.6,0.3681,95.92520404434156,96.86229477669842,92.37476926993826,165.47,162.38,79.45,7,6,21,1,1
361887,17,14,0.0843,0.9667,-1.0777,-0.313,-1.7668,0.2962,0.4118,CZSK,14.35231,14.347778,49.0775,49.078333,343.23,2025,1934,0,91,16,16,E Jagošová,B Jílek,Czechia_nvd,Czech Republic,401.3,0.4486,97.50794659885568,97.1786176941248,98.16329075588337,276.94,264.09000000000003,282.35,13,14,8,0,0
363070,25,31,-0.0934,0.9434,-0.0784,0.0077,-1.2113,-0.1168,0.0468,CZSK,16.8244002,16.822947,48.7909375,48.791289,113.53,2024,1963,0,61,25,25,V Kalusová,J Vicherek,Czechia_nvd,Czech Republic,160.8,0.4018,98.54197776671644,97.21180001875996,98.26511598020949,242.64,214.69000000000003,234.98,3,7,6,1,0
364090,23,17,0.1313,0.6552,0.0889,-0.0862,0,-0.0281,-0.0608,CZSK,16.18261,16.166111,49.10794,49.110556,1237.08,2025,1963,9,62,25,16,M Vymazalová,M Ráčilová,Czechia_nvd,Czech Republic,360.2,0.3883,95.90621087377168,95.55681408639242,96.0175005609154,132.94,98.11,90.09,11,9,6,1,1
364092,41,13,0.4988,0.8478,-0.1226,-0.2697,0.3894,0.0413,0.9375,CZSK,16.18991,16.166111,49.10699,49.110556,1779.14,2025,1963,9,62,25,16,M Vymazalová,M Ráčilová,Czechia_nvd,Czech Republic,358.7,0.3915,95.90621087377168,95.55681408639242,96.0175005609154,132.94,98.11,90.09,11,9,6,1,1
364095,28,15,0.2711,0.8649,-0.1815,-0.2667,0.463,0.2148,0.4019,CZSK,16.18946,16.166111,49.10619,49.110556,1769.57,2025,1963,9,62,25,16,M Vymazalová,M Ráčilová,Czechia_nvd,Czech Republic,338.4,0.3915,95.90621087377168,95.55681408639242,96.0175005609154,132.94,98.11,90.09,11,9,6,1,1
364099,24,17,0.1498,0.7097,0.0326,0.1125,-0.1854,0.1905,-0.0505,CZSK,16.17621,16.166111,49.10873,49.110556,763.48,2025,1963,9,62,25,16,M Vymazalová,M Ráčilová,Czechia_nvd,Czech Republic,362.6,0.3893,95.90621087377168,95.55681408639242,96.0175005609154,132.94,98.11,90.09,11,9,6,1,1
364109,29,15,0.2863,0.5667,-0.0571,0.0375,0.1583,-0.2226,0.0018,CZSK,16.18924,16.166111,49.1062,49.110556,1753.85,2025,1963,9,62,25,16,M Vymazalová,M Ráčilová,Czechia_nvd,Czech Republic,338.4,0.3915,95.90621087377168,95.55681408639242,96.0175005609154,132.94,98.11,90.09,11,9,6,1,1
364111,25,12,0.3188,0.6786,-0.15,-0.2133,0.3267,-0.2017,0.4233,CZSK,16.17522,16.166111,49.10877,49.110556,692.92,2025,1963,9,62,25,16,M Vymazalová,M Ráčilová,Czechia_nvd,Czech Republic,376.2,0.3893,95.90621087377168,95.55681408639242,96.0175005609154,132.94,98.11,90.09,11,9,6,1,1
364117,24,13,0.2663,0.6,0.0603,-0.1932,0.1294,-0.1731,0.3173,CZSK,16.18107,16.166111,49.10829,49.110556,1118.89,2025,1963,9,62,25,16,M Vymazalová,M Ráčilová,Czechia_nvd,Czech Republic,353.3,0.3893,95.90621087377168,95.55681408639242,96.0175005609154,132.94,98.11,90.09,11,9,6,1,1
364143,23,13,0.2478,0.7143,0.4791,0.2567,-0.0652,0.0886,0.2533,CZSK,16.18902778,16.166111,49.10727778,49.110556,1709.41,2024,1962,0,62,16,16,Z Preislerová,M Ráčilová,Czechia_nvd,Czech Republic,371.1,0.3915,95.90621087377168,95.55681408639242,96.0175005609154,132.94,98.11,90.09,11,9,6,0,0
364578,19,24,-0.1015,0.8684,-0.2456,0.0855,0.3717,-0.1875,-0.1952,CZSK,14.7267526,14.728889,49.0458855,49.046111,157.89,2024,1981,0,43,16,16,M Marek,R Hlaváček,Czechia_nvd,Czech Republic,425.9,0.4545,93.13035495716036,93.09621436063698,94.6985375275938,99.04,105.9,146.17000000000002,17,22,14,1,0
367375,16,7,0.359,0.9545,0.8594,-0.3839,-0.1763,-0.1205,-1.8371,CZSK,14.2803141,14.281111,49.0917725,49.091667,59.27,2025,1968,0,57,10,10,M Marek,K Kopecký,Czechia_nvd,Czech Republic,398.5,0.4517,95.34961120692265,95.65628322766116,95.6845986257751,166.55,128.1,120.44,14,11,11,0,0
368148,33,34,-0.013,0.6458,-0.0716,-0.0128,0.3259,5e-4,0.3363,CZSK,15.124775,15.127222,49.11733,49.116111,224.06,2025,1959,0,66,100,100,P Keil,B Válek,Czechia_nvd,Czech Republic,537.5,0.4495,96.23916225650264,96.89160533865537,95.65265273533218,178.96,201.85,182.96,15,14,7,1,0
368179,25,32,-0.1072,0.7609,-0.3643,0.062,0.3531,0.495,0.9975,CZSK,15.1407583,15.131667,49.136487700000004,49.138056,684.75,2024,1959,0,65,30,30,W Friederike,B Válek,Czechia_nvd,Czech Republic,544.3,0.4458,93.93388429752066,94.64293428954076,95.57358908151974,122.11,116.82,82.24000000000001,18,14,10,0,0
368181,29,43,-0.1711,0.8361,0.0102,0.1001,-0.5419,-0.2201,0.4566,CZSK,15.12779056,15.127222,49.11729,49.116111,137.63,2025,1959,0,66,100,100,M Marek,B Válek,Czechia_nvd,Czech Republic,538.4,0.4448,96.23916225650264,96.89160533865537,95.65265273533218,178.96,201.85,182.96,15,14,7,1,0
368248,49,32,0.185,0.6441,0.0391,0.1849,-0.1927,-0.0729,-0.2786,CZSK,16.653906,16.650833,48.868057,48.865833,334.56,2024,1984,0,40,25,25,D Borovyk,J Unar,Czechia_nvd,Czech Republic,488.7,0.3705,96.0334626884662,96.5611806733302,94.4762897342366,158.45,139.75,125.86,13,8,20,1,1
368460,32,28,0.058,0.5366,-0.0804,-0.0513,-0.2589,-0.1228,-0.1004,CZSK,17.1513385,17.151389000000002,48.8588868,48.858889,3.71,2024,2003,0,21,9,9,V Kalusová,Z Otýpková,Czechia_nvd,Czech Republic,164.8,0.4491,98.42399708905668,98.54078159221046,95.59973924380704,221.35,190.87,62.150000000000006,5,2,6,1,1
370911,11,10,0.0414,0.6875,0.0136,-0.2364,-0.4545,-0.2545,-0.3227,CZSK,16.531889,16.531389,48.8224876,48.822778,48.87,2025,1993,0,32,4,4,Z Preislerová,M Hanušová,Czechia_nvd,Czech Republic,180.2,0.361,96.41298875650276,94.35421500386698,92.81129653401796,120.28,39.42,23.86,6,4,4,1,1
371007,4,23,-0.7597,0.9615,0.0734,0.8279,-0.1033,0.8179,0.5734,CZSK,14.7055103,14.705556,49.4019523,49.401944,3.44,2024,1970,0,54,1,1,W Friederike,V Míka,Czechia_nvd,Czech Republic,441.5,0.46420000000000006,92.88459895788844,93.11595731218628,94.88779215941894,118.16,119.63,162.36,20,20,12,0,0
371794,32,51,-0.2024,0.6207,-0.0639,0.1498,-0.622,0.4111,0.4892,CZSK,15.364425,15.364167,49.18839,49.191111,303.48,2025,1975,0,50,20,20,P Keil,E Balátová-Tuláčková,Czechia_nvd,Czech Republic,547.6,0.4379,94.9682693827774,94.04096158036168,94.57528820991584,222.89,138.87,213.55,10,13,12,0,0
373418,18,12,0.1761,0.9286,-0.2361,-0.375,-0.1319,-0.3194,-0.4306,CZSK,15.5786311,15.580833,49.1522325,49.155,347.29,2024,1977,0,47,10,10,M Vymazalová,J Zlámalík,Czechia_nvd,Czech Republic,548.2,0.4314,93.64795655312275,92.9512893982808,93.2500452652544,146.67999999999998,105.73,139.26,8,12,13,0,0
373427,17,8,0.3274,0.8636,-0.989,0.125,0.7353,-0.4375,-0.761,CZSK,15.6084203,15.608333,49.1932422,49.191111,237.33,2024,1977,0,47,10,10,M Vymazalová,J Zlámalík,Czechia_nvd,Czech Republic,622.2,0.4233,93.80560572613554,93.7308924822277,93.095924248662,150.72,136.92000000000002,122.56000000000002,15,15,13,0,0
373451,23,9,0.4075,0.7692,0.1171,0.0411,0.3406,-0.2609,-0.9022,CZSK,15.6411672,15.641389,49.16944,49.168889,63.43,2024,1977,0,47,15,15,M Vymazalová,J Zlámalík,Czechia_nvd,Czech Republic,635.7,0.4221,93.61533846069928,93.75831934718444,93.41896606406596,184.69000000000003,174.11,95.57,10,15,13,0,0
373467,41,9,0.6585,0.913,-0.1572,-0.2873,0.0725,-0.5583,-1.0054,CZSK,15.52867,15.529722,49.1517264,49.151389,85.31,2024,1976,0,48,10,10,M Vymazalová,J Zlámalík,Czechia_nvd,Czech Republic,559.3,0.4345,93.19483826167468,92.63494967978042,94.99258710155672,174.13,143.29,136.07,13,15,10,0,0
373472,16,13,0.0902,0.9259,-0.1358,0.2067,-0.3173,-0.5072,-1.4868,CZSK,15.5915492,15.588889,49.1819203,49.178056,471.72,2024,1977,0,47,15,15,M Vymazalová,J Zlámalík,Czechia_nvd,Czech Republic,601.3,0.4301,91.74149487795624,91.18302387267904,92.27435367635942,119.7,95.23,100.22,13,17,13,0,0
374438,37,18,0.3129,0.9412,0.5543,0.1994,-2.1054,-0.3538,-0.9448,CZSK,16.9591221,16.940556,48.6332523,48.619167,2079.58,2025,1996,0,29,25,25,M Vymazalová,K Šumberová,Czechia_nvd,Czech Republic,153.1,0.4321,96.26792821205976,96.7603660044514,91.29355806017992,67.41,61.44,49.06,10,7,8,1,0
374639,21,21,0,0.8286,-0.3387,-0.4131,-0.9643,-0.0833,-0.2542,CZSK,16.9292076,16.930556,48.6530354,48.653611,118.06,2025,1996,0,29,25,25,M Vymazalová,V Řehořek,Czechia_nvd,Czech Republic,151.1,0.4303,99.00096721645286,98.96259159274972,97.36572581859808,394.87,390.93,333.8,13,10,12,1,0
375358,52,38,0.1362,0.7101,0.3447,-0.1045,-0.9853,-0.1651,-0.4463,CZSK,16.9653364,16.964444,48.7056254,48.707222,189.44,2025,1997,0,28,25,25,M Vymazalová,J Vicherek,Czechia_nvd,Czech Republic,155.3,0.4302,96.73679316557217,97.54692688215762,91.51212553495009,173.39,222.85,63.89,8,4,14,1,0
375559,7,8,-0.058,0.8333,0.0375,-0.6875,1.45,-0.5875,-2.5,CZSK,16.9397971,16.94,48.9645239,48.965278,85.25,2025,2007,0,18,4,4,M Vymazalová,K Šumberová,Czechia_nvd,Czech Republic,174.8,0.4166,97.50965326260774,96.48508323718475,95.9323943661972,258,122.45,45.05,5,7,5,0,0
377262,16,25,-0.1938,0.7419,-0.1787,0.1943,-0.6698,0.3342,0.1365,CZSK,14.1672854,14.165278,49.1595043,49.158611,176.76,2025,2003,0,22,16,16,M Marek,K Šumberová,Czechia_nvd,Czech Republic,396.5,0.4544,96.42900316723484,96.60006737671355,95.80267997898056,208.25,194.34,153.48,13,9,13,0,0
378088,27,26,0.0164,0.6053,-0.1553,-0.0937,0.2699,-0.1417,0.4555,CZSK,16.655541,16.658889,48.871895,48.874167,352.22,2024,1996,0,28,12.5,12.5,D Borovyk,J Danihelka,Czechia_nvd,Czech Republic,477.6,0.3705,94.27699139605885,94.9789881569612,93.5430368887618,91.03,92.58,88.37,9,10,17,1,1
378131,39,35,0.047,0.4681,-0.0585,0.1029,-0.0141,0.2064,-0.0405,CZSK,16.692515,16.693611,48.763405,48.763333,80.82,2024,1994,0,30,25,25,D Borovyk,J Danihelka,Czechia_nvd,Czech Republic,219.1,0.3788,96.1469030215146,93.66371166981544,94.10522897044495,170.26,35,62.370000000000005,6,7,8,1,1
378328,48,34,0.1498,0.5862,0.1501,-0.1618,0.0888,0.0202,0.2258,CZSK,16.563402,16.561389,48.836635,48.838056,216.28,2024,1997,0,27,15,15,D Borovyk,J Danihelka,Czechia_nvd,Czech Republic,255.2,0.3637,90.93947923997186,91.07209562943594,97.59620940714204,28.96,13.76,87.47,8,4,3,1,1
378345,58,32,0.2583,0.6667,-0.4339,-0.2408,0.3359,-0.0655,0.4417,CZSK,16.63575,16.635556,48.85889,48.858889,14.21,2024,1997,0,27,25,25,D Borovyk,J Danihelka,Czechia_nvd,Czech Republic,369.4,0.3663,96.37218858131487,97.13350219311792,93.61886331228357,186.33,163.15,99.18,10,2,23,1,1
378354,43,25,0.2355,0.807,0.3751,0.5414,-0.6702,0.2619,-0.6072,CZSK,16.556279,16.552778,48.846579,48.847222,266.27,2024,1997,0,27,25,25,D Borovyk,J Danihelka,Czechia_nvd,Czech Republic,271.9,0.3633,92.77810625897456,91.81797287979776,97.55149812734082,59.97,22.23,107.84,11,6,2,1,1
378400,59,40,0.1688,0.4844,-0.2203,-0.0877,0.2509,-0.1857,0.2282,CZSK,16.628418,16.628889,48.827728,48.8275,42.84,2024,1997,0,27,25,25,D Borovyk,J Danihelka,Czechia_nvd,Czech Republic,298.9,0.3701,93.63295880149812,96.58855412083533,91.4142091152815,81,63.53,75.47,10,7,21,1,0
378412,33,42,-0.1047,0.549,-0.0998,-0.1334,0.0297,-0.347,-0.2979,CZSK,16.7931932,16.792778,48.8161647,48.815556,74.28,2024,1997,0,27,25,25,V Kalusová,J Danihelka,Czechia_nvd,Czech Republic,160.7,0.3977,97.23545329387748,97.45555882505668,94.36329869999498,317.75,290.57,200.65,16,10,34,1,0
378420,33,39,-0.0726,0.7455,-0.159,0.0055,0.2397,0.0515,0.06,CZSK,16.793521,16.791111,48.8365449,48.833611,371.28,2024,1997,0,27,25,25,V Kalusová,J Danihelka,Czechia_nvd,Czech Republic,162.9,0.3991,98.96588204178788,98.61227883771424,93.4676958261864,569.54,543.51,105.97,2,2,14,1,0
378439,44,34,0.112,0.5,-0.0341,0.1829,-0.0812,0.2045,0.1834,CZSK,16.686724,16.686389,48.801494,48.801111,49.2,2024,1997,0,27,25,25,D Borovyk,J Danihelka,Czechia_nvd,Czech Republic,225.6,0.3778,97.0957095709571,94.66856119107926,93.70279146141216,167.95,81.84,61.690000000000005,7,6,8,1,1
378528,59,40,0.1688,0.6667,0.2357,0.1795,-0.3973,-0.0098,-0.2902,CZSK,16.7466866,16.749167,48.7758223,48.775278,191.79,2025,1999,0,26,25,25,M Vymazalová,J Danihelka,Czechia_nvd,Czech Republic,198.1,0.3879,96.41654124561026,95.54829838432453,95.61826958782028,70.61,58.95,41.04,6,4,7,1,1
378628,37,37,0,0.6226,0.0918,-0.0565,0.0276,-0.2352,0.0238,CZSK,16.6458867,16.645833,48.8058739,48.806944,119.19,2024,1970,0,54,25,25,M Vymazalová,M Toman,Czechia_nvd,Czech Republic,346.3,0.3709,96.66976345315514,96.27822347200396,91.82789041943973,70.81,61.24,32.88,8,4,11,1,1
378722,57,25,0.3579,0.806,-0.1773,-0.0182,0.1418,0.36,0.0473,CZSK,16.64347222,16.643056,48.94208333,48.944444,264.54,2024,1930,0,94,32,32,Z Preislerová,J Klika,Czechia_nvd,Czech Republic,282.9,0.3896,95.54159038052352,95.59490525007767,94.0523216814489,102.06,81.38,67.91000000000001,10,9,8,1,1
378741,29,19,0.1836,0.6667,-0.2668,-0.3621,0.2659,-0.5336,0.3666,CZSK,16.630144,16.630556,48.789282,48.788889,53.17,2024,1930,0,94,20,20,D Borovyk,J Klika,Czechia_nvd,Czech Republic,221.1,0.3693,95.0433761069944,95.50660150266248,93.61455108359134,111.72,69.38,65.41,9,6,7,1,1
378765,35,12,0.4649,0.85,0.0833,-0.1593,0.2525,-0.1593,0.4203,CZSK,16.641936,16.638889,48.857879,48.859722,303.14,2024,1930,0,94,10,10,D Borovyk,J Klika,Czechia_nvd,Czech Republic,447.7,0.3727,96.42904908385717,97.03079515857208,93.97174396947258,188.3,164.46,111.12,11,2,22,1,1
379168,20,30,-0.1761,0.8049,0.432,0.1728,-0.5583,-0.0404,-0.3303,CZSK,16.056145,16.058056,48.9402904,48.940278,139.74,2024,1997,0,27,25,25,J Pleyer,M Rafajová,Czechia_nvd,Czech Republic,248.7,0.3912,94.33273128637369,94.60851372012552,91.48148148148148,125.7,125.39,35.7,12,12,12,0,0
379180,19,30,-0.1984,0.6667,-0.0558,-0.1915,0.3212,-0.1452,0.2554,CZSK,16.0644795,16.066111,48.9533322,48.9525,151.02,2024,1996,0,28,25,25,V Sobotka,M Rafajová,Czechia_nvd,Czech Republic,305.4,0.3939,95.3710006807352,95.48017460894872,93.59909099517093,162.87,166.23000000000002,53.54,12,12,11,0,0
381148,41,46,-0.05,0.75,-0.1054,0.2082,-0.4203,0.2742,0.6735,CZSK,15.7315511,15.728056,49.1950563,49.1975,372.35,2025,1986,0,39,16,16,M Vymazalová,E Balátová-Tuláčková,Czechia_nvd,Czech Republic,571.6,0.4227999999999999,93.34323112350016,93.71719226856564,96.56886447594916,166.31,123.99,260.13,17,15,6,0,0
385844,22,14,0.1963,0.8148,-1.0526,-0.0526,-0.4676,-0.1964,-0.2925,CZSK,13.9711419,13.970833,48.86399,48.863889,25.26,2024,1982,0,42,15,15,W Friederike,J Klika,Czechia_nvd,Czech Republic,985.4,0.4625,96.48412184057032,96.32103876552505,93.79360998898274,124.56,107.32,41.49,4,5,11,1,0
385845,26,14,0.2688,0.6786,-0.7516,0.2787,-0.3121,0.1374,-0.1724,CZSK,13.9969297,14.002778,48.865515,48.869444,612.12,2024,1982,0,42,20,20,W Friederike,J Klika,Czechia_nvd,Czech Republic,980.4,0.4582,95.12544014084509,95.72970436414828,95.25462962962963,46.120000000000005,43.28,8.940000000000001,4,2,2,1,0
388039,52,28,0.2688,0.7846,-0.393,0.243,-0.6929,0.2465,0.3374,CZSK,17.3671368,17.363056,48.842928,48.845,377.6,2025,1996,0,29,10,10,Z Preislerová,K Kopecký,Czechia_nvd,Czech Republic,343,0.4675,96.37660485021398,96.99688626679776,93.9328130302002,158.99,123.15,74.54,5,6,15,1,0
388284,45,43,0.0197,0.8056,0.2674,-0.0465,-0.8953,0.0814,-0.4244,CZSK,17.37937,17.374444,48.834995,48.8325,455.44,2025,1995,0,30,16,16,Z Preislerová,K Kopecký,Czechia_nvd,Czech Republic,439,0.463,98.63294600136705,98.85116098319249,96.74817898022891,294.32,207.3,155.01,3,4,13,1,0
388285,30,52,-0.2389,0.8889,0.0366,0.1797,-1.6527,0.2671,-0.3555,CZSK,17.3744138,17.374444,48.83253,48.8325,4.01,2025,1995,0,30,16,16,Z Preislerová,K Kopecký,Czechia_nvd,Czech Republic,383.2,0.4676,98.63294600136705,98.85116098319249,96.74817898022891,294.32,207.3,155.01,3,4,13,1,0
388308,28,22,0.1047,0.7949,0.3848,0.0171,-0.2219,0.3924,-0.3276,CZSK,17.3730565,17.373333,48.820394,48.820278,24.03,2025,1997,0,28,10,10,Z Preislerová,M Hájek,Czechia_nvd,Czech Republic,452.5,0.4667,98.63294600136705,98.85116098319249,96.74817898022891,294.32,207.3,155.01,3,4,13,1,0
388503,33,44,-0.1249,0.6897,-0.2266,0.1378,-0.6435,0.6293,0.2422,CZSK,14.783557,14.783611,49.1931051,49.193056,6.73,2024,2002,0,22,25,25,W Friederike,P Hájková,Czechia_nvd,Czech Republic,446.4,0.4605999999999999,94.63345364179634,95.2654390856638,95.39605058797426,170.32,182.47,136.38,14,14,12,1,0
389107,25,8,0.4949,0.8929,0.2545,0.1637,0.0238,-0.247,-0.3586,CZSK,17.3192606,17.319444,48.8584212,48.858611,25.04,2025,1998,0,27,16,16,Z Preislerová,Z Otýpková,Czechia_nvd,Czech Republic,252.6,0.4674,96.35366931918657,95.32879818594104,96.44000143838326,142.57,44.77,140.23000000000002,11,5,4,1,0
389608,48,44,0.0378,0.5246,0.0185,0.1989,-0.2878,0.2332,-0.2712,CZSK,16.9256951,16.924444,49.1941282,49.193333,126.96,2024,2002,0,22,16,16,V Sobotka,Z Otýpková,Czechia_nvd,Czech Republic,301,0.4471,90.8717346639272,91.53069153069151,94.09461152882206,34.660000000000004,39.24,32.49,10,8,8,1,1
390151,21,18,0.0669,0.9459,0.1825,-0.1508,-0.5675,0.2738,-1.3849,CZSK,16.3874897,16.3875,49.0982489,49.098333,9.39,2024,1999,0,25,16,16,M Vymazalová,T Vymyslický,Czechia_nvd,Czech Republic,203.4,0.3907,94.87807758162604,94.85355899651904,93.23696001352609,170.68,167.92000000000002,59.92,14,14,15,0,0
390876,14,10,0.1461,0.5882,-0.0464,0.0357,0.0071,-0.0643,-0.5893,CZSK,15.9813133,15.985833,49.2120719,49.210278,384.59,2024,1999,0,25,2,2,M Vymazalová,V Demianová,Czechia_nvd,Czech Republic,391,0.4215,94.36064191732152,95.0801410978402,94.1310265110556,167.36,162.87,135.26,10,10,22,0,0
390997,15,5,0.4771,0.8889,-0.7333,0.2667,0.1667,-0.2,0.1333,CZSK,16.7204542,16.722222,49.1744425,49.171667,334.68,2025,1999,0,26,4,4,M Vymazalová,V Demianová,Czechia_nvd,Czech Republic,232.8,0.4305,95.69703848931998,95.7378706199461,92.87974683544304,49.16,30.23,28.980000000000004,6,3,5,1,1
391125,9,13,-0.1597,0.7778,0.1175,-0.0107,-0.1688,-0.1303,-0.3547,CZSK,16.3019773,16.302222,48.7728263,48.771389,161,2025,2000,0,25,4,4,Z Preislerová,V Demianová,Czechia_nvd,Czech Republic,200,0.35509999999999997,96.46169701133633,94.311377245509,92.40318695571614,88.27,12.04,27.51,7,4,5,0,0
393699,38,39,-0.0113,0.8065,-0.14,0.189,-0.3534,0.4678,-0.712,CZSK,16.6465981,16.648139,48.8782529,48.878444,114.8,2024,2007,0,17,16,16,V Sobotka,M Sojneková,Czechia_nvd,Czech Republic,277.2,0.3786,96.06299212598424,96.33057446895258,92.83226490333652,134.51,123.75,100.06,9,9,19,1,0
394878,26,24,0.0348,0.775,0.1304,-0.0719,-0.6923,0.0042,-0.5761,CZSK,15.8026723,15.802722,48.8785884,48.878639,6.71,2024,2010,0,14,16,16,J Pleyer,J Kůrová,Czechia_nvd,Czech Republic,441.2,0.4183,91.5368722186904,92.33501374885428,92.44824569929052,63.72,88.22,52.17,15,15,16,1,1
394944,29,23,0.1007,0.6579,-0.096,0.1552,-0.1779,0.2476,-0.614,CZSK,15.9749989,15.974656,48.8133224,48.8136,39.83,2024,2010,0,14,16,16,J Pleyer,J Kůrová,Czechia_nvd,Czech Republic,245.7,0.3955,97.89338919925513,96.79353832152376,93.1627906976744,345.54,309.42,65.31,5,1,11,1,1
399266,21,20,0.0212,0.5385,-0.0132,0.0526,-0.0263,0.0526,-0.3026,CZSK,13.55102,13.551017,49.15382,49.15385,3.35,2024,2002,0,22,16,16,P Keil,I Bufková,Czechia_nvd,Czech Republic,727.9,0.45109999999999995,95.1871413219928,93.77718191033648,96.96759003207812,220.17,154.15,318.20000000000005,9,18,2,1,0
399600,35,28,0.0969,0.7143,-0.1768,-0.1786,0.4571,0.4071,0.7429,CZSK,15.91705,15.917,49.2238322,49.223806,4.66,2024,2004,0,20,16,16,M Vymazalová,D Zelený,Czechia_nvd,Czech Republic,447.1,0.425,95.0161376551888,94.71439369398551,93.93486446865388,254.11,186.59,175.27,9,19,17,0,0
399965,21,12,0.243,0.625,-0.0625,0.1399,0.2857,0.1905,1.0268,CZSK,16.007355,16.007278,49.261134,49.261167,6.69,2024,2007,0,17,15,15,D Borovyk,D Zelený,Czechia_nvd,Czech Republic,475.2,0.4167,91.85852090032154,90.825604655391885,93.59944941500343,78.64,55.74,66.2,17,15,12,0,0
401280,38,27,0.1484,0.8571,-0.4372,-0.503,0.9028,-0.4504,1.0729,CZSK,15.7142633,15.71,48.93448,48.935833,346.24,2024,1987,0,37,20,20,M Vymazalová,J Sádlo,Czechia_nvd,Czech Republic,343.5,0.43499999999999994,93.37092559482876,92.7199597787833,91.22983870967742,73.57000000000001,50.44,5.1899999999999995,10,10,3,1,0
402458,38,33,0.0613,0.7857,-0.1157,-0.4385,-0.7607,-0.0968,-0.1755,CZSK,16.8401476,16.839067,48.868219,48.867289,130.3,2025,2020,0,5,10,10,V Kalusová,M Harásek,Czechia_nvd,Czech Republic,162.8,0.4064,97.65542195095207,95.91822827938672,97.1624102820898,275.27,74.24000000000001,90.82,6,6,4,1,1
714482,26,12,0.3358,0.973,1.2628,-0.1522,-1.7452,0.258,-1.5224,AT,14.936028,14.93669,48.590694,48.59087,52.53,2025,2006,0,19,30,30,N Türk,H Linhard,Germany_gvrd,Austria,681.6,0.4454,91.51600209141694,92.18081253703826,93.47309064406,183.05,153.11,262.31,25,17,16,1,0
1385622,55,67,-0.0857,0.5062,-0.071,0.0213,0.0303,-0.055,0.1407,CZSK,16.984701,16.983333,48.182174,48.183611,189.47,2024,2001,0,23,25,25,D Borovyk,J Zlinská,Slovakia_nvd,Slovak Republic,256.8,0.4305,97.67586636231584,95.82322179307516,91.7406467977172,290.85,147.5,63.88,5,16,24,1,1
1389586,35,50,-0.1549,0.7576,0.4502,0.0461,-0.1939,0.13,-0.1374,CZSK,16.981253,16.983889,48.183286,48.185556,319.58,2024,1960,-5,64,25,30,D Borovyk,V Zajacová,Slovakia_nvd,Slovak Republic,222.4,0.4356,97.71814992948325,96.43122940071588,91.8947031525044,278.2,142.28,63.29,6,13,24,0,0
1401362,27,36,-0.1249,0.6279,0.0286,-0.0763,0.0076,-0.1381,0.035,CZSK,17.0430104,17.043056,48.2622424,48.262222,4.07,2025,2004,0,21,25,25,J Pleyer,K Hegedušová,Slovakia_nvd,Slovak Republic,238.7,0.4297,95.23375834851244,93.9913769378956,95.3582711085583,116.37,55.25,140.47,11,10,16,0,0
1401630,41,44,-0.0307,0.6984,0.2112,0.036,-0.1103,-0.1752,-0.0723,CZSK,16.9813567,16.994444,48.1833816,48.181944,984.48,2024,1964,0,60,25,25,V Sobotka,M Kaleta,Slovakia_nvd,Slovak Republic,222.4,0.4356,97.18963831867056,93.5872356033745,93.10695232449828,226.57,82.7,59.82,6,15,19,1,1
1401631,40,38,0.0223,0.7419,0.0238,-0.1461,-0.0357,-0.0836,-0.1187,CZSK,16.98556,16.993056,48.1814087,48.176944,746.07,2024,1964,0,60,25,25,V Sobotka,M Kaleta,Slovakia_nvd,Slovak Republic,271.8,0.4305,97.23568281938326,93.74580335731414,93.16641305851432,274.06,105.28,73.15,7,14,23,1,1
